"","Tree_ID","PLOTID","DBH24","SP","Status","H24","Wood_Density","a","b","c","Carbon_Above","Carbon_Below","Carbon_Total"
"1","P81.B1.0",81,16.9,"Ulm_spe","Dead",13.80000019,0.508,1.94295,1.29229,-4.20064,25.8478022708466,7.75434068125398,33.6021429521006
"2","P81.B2.0",81,7.9,"Ulm_spe","Alive",5.5,0.508,1.94295,1.29229,-4.20064,1.796613483789,0.538984045136699,2.33559752892569
"3","P81.B3.0",81,9.5,"Car_bet","Alive",10.10000038,0.706,0.00021491,2.258957614,0.001411006,61.7227013085701,18.516810392571,80.2395117011411
"4","P81.B4.0",81,11.8,"Ulm_spe","Alive",8,0.508,1.94295,1.29229,-4.20064,6.35790600656546,1.90737180196964,8.2652778085351
"5","P81.B5.0",81,49.7,"Car_bet","Alive",26.20000076,0.706,0.00021491,2.258957614,0.001411006,531.817280013319,159.545184003996,691.362464017315
"6","P81.B6.0",81,35.8,"Car_bet","Alive",21.29999924,0.706,0.00021491,2.258957614,0.001411006,333.121359762968,99.9364079288905,433.057767691859
"7","P81.B7.0",81,29.6,"Car_bet","Alive",22.70000076,0.706,0.00021491,2.258957614,0.001411006,384.624118696826,115.387235609048,500.011354305874
"8","P81.B8.0",81,27.5,"Car_bet","Alive",18.70000076,0.706,0.00021491,2.258957614,0.001411006,248.233847601252,74.4701542803757,322.704001881628
"9","P81.B9.0",81,24.7,"Car_bet","Alive",17.5,0.706,0.00021491,2.258957614,0.001411006,213.690354818205,64.1071064454615,277.797461263666
"10","P81.B10.0",81,6.5,"Til_spe","Alive",6,0.422,1.94295,1.29229,-4.20064,1.14325371707704,0.342976115123113,1.48622983220016
"11","P81.B11.0",81,7.9,"Car_bet","Alive",7.599999905,0.706,0.00021491,2.258957614,0.001411006,32.4660025688642,9.73980077065927,42.2058033395235
"12","P81.B12.0",81,11.5,"Til_spe","Alive",5.400000095,0.422,1.94295,1.29229,-4.20064,3.02303758759028,0.906911276277083,3.92994886386736
"13","P81.B13.0",81,10.6,"Til_spe","Alive",8.199999809,0.422,1.94295,1.29229,-4.20064,4.4271685595474,1.32815056786422,5.75531912741162
"14","P81.B14.0",81,9.9,"Til_spe","Alive",8,0.422,1.94295,1.29229,-4.20064,3.75507916315641,1.12652374894692,4.88160291210334
"15","P81.B15.0",81,112,"Que_rob","Alive",38.90000153,0.56,2.00333,0.85925,-2.86353,4447.28291573094,1334.18487471928,5781.46779045022
"16","P81.B16.0",81,13.2,"Ulm_spe","Alive",10.69999981,0.508,1.94295,1.29229,-4.20064,11.5114032967465,3.45342098902395,14.9648242857704
"17","P81.B17.0",81,85.5,"Que_rob","Alive",38.70000076,0.56,2.00333,0.85925,-2.86353,2577.96453106837,773.389359320512,3351.35389038889
"18","P81.B18.0",81,10.2,"Ulm_spe","Alive",8.199999809,0.508,1.94295,1.29229,-4.20064,4.94560004540771,1.48368001362231,6.42928005903002
"19","P81.B19.0",81,6.8,"Ulm_spe","Alive",8.199999809,0.508,1.94295,1.29229,-4.20064,2.24948178020198,0.674844534060593,2.92432631426257
"20","P81.B20.0",81,16,"Ulm_spe","Alive",9.899999619,0.508,1.94295,1.29229,-4.20064,15.1300757404461,4.53902272213382,19.6690984625799
"21","P81.B21.0",81,6.8,"Ulm_spe","Alive",8.300000191,0.508,1.94295,1.29229,-4.20064,2.28499592875905,0.685498778627716,2.97049470738677
"22","P81.B22.0",81,9.1,"Til_spe","Alive",8.300000191,0.422,1.94295,1.29229,-4.20064,3.34333927840938,1.00300178352282,4.3463410619322
"23","P81.B23.0",81,5.8,"Ulm_spe","Alive",7.699999809,0.508,1.94295,1.29229,-4.20064,1.52248247818318,0.456744743454953,1.97922722163813
"24","P81.B24.0",81,111.5,"Que_rob","Alive",40,0.56,2.00333,0.85925,-2.86353,4514.48084662852,1354.34425398855,5868.82510061707
"25","P81.B25.0",81,8.5,"Ulm_spe","Alive",7.900000095,0.508,1.94295,1.29229,-4.20064,3.30716467174418,0.992149401523255,4.29931407326744
"26","P81.B26.1",81,17.6,"Ulm_spe","Alive",10.80000019,0.508,1.94295,1.29229,-4.20064,20.3750569141333,6.11251707424,26.4875739883733
"27","P81.B26.2",81,7.9,"Ulm_spe","Alive",7.900000095,0.508,1.94295,1.29229,-4.20064,2.8687049007046,0.86061147021138,3.72931637091598
"28","P81.B27.0",81,13.8,"Ulm_spe","Alive",12,0.508,1.94295,1.29229,-4.20064,14.5542557159007,4.36627671477022,18.920532430671
"29","P81.B28.0",81,7,"Ulm_spe","Dead",11.19999981,0.508,1.94295,1.29229,-4.20064,3.56060652685138,1.06818195805541,4.62878848490679
"30","P81.B29.0",81,86.5,"Fra_exc","Dead",31.70000076,0.56,1.95277,0.77206,-2.48079,1924.62996607201,577.388989821603,2502.01895589361
"31","P81.B30.0",81,9.4,"Ulm_spe","New Trees",7.3,0.508,1.94295,1.29229,-4.20064,3.6311907198023,1.08935721594069,4.72054793574299
"32","P81.B32.0",81,16,"Ulm_spe","Alive",10.39999962,0.508,1.94295,1.29229,-4.20064,16.1247767915565,4.83743303746694,20.9622098290234
"33","P81.B33.0",81,5,"Ulm_spe","Dead",6.400000095,0.508,1.94295,1.29229,-4.20064,0.898522371304638,0.269556711391391,1.16807908269603
"34","P81.B34.0",81,20,"Ulm_spe","Alive",11.30000019,0.508,1.94295,1.29229,-4.20064,27.6927304844833,8.307819145345,36.0005496298283
"35","P81.B35.0",81,8,"Ulm_spe","Alive",3,0.508,1.94295,1.29229,-4.20064,0.84117143114741,0.252351429344223,1.09352286049163
"36","P81.B36.0",81,6.1,"Ulm_spe","Alive",5.099999905,0.508,1.94295,1.29229,-4.20064,0.98602801233898,0.295808403701694,1.28183641604067
"37","P81.B38.0",81,12,"Til_spe","Alive",6.699999809,0.422,1.94295,1.29229,-4.20064,4.33929253488279,1.30178776046484,5.64108029534762
"38","P81.B39.0",81,29,"Ulm_spe","Alive",13.10000038,0.508,1.94295,1.29229,-4.20064,69.0003870258036,20.7001161077411,89.7005031335447
"39","P81.B40.0",81,12.1,"Ulm_spe","Alive",3.400000095,0.508,1.94295,1.29229,-4.20064,2.20937552359756,0.662812657079267,2.87218818067682
"40","P81.B41.0",81,13.5,"Ace_pse","Alive",12.30000019,0.51,1.89756,0.97716,-2.94253,20.4942166619203,6.14826499857608,26.6424816604963
"41","P81.B42.0",81,10.2,"Ace_pse","Alive",11.5,0.51,1.89756,0.97716,-2.94253,11.2744232834451,3.38232698503353,14.6567502684786
"42","P81.B43.0",81,16.3,"Ulm_spe","Alive",12.5,0.508,1.94295,1.29229,-4.20064,21.2027671752854,6.36083015258562,27.563597327871
"43","P81.B44.0",81,14.1,"Ulm_spe","Dead",11.10000038,0.508,1.94295,1.29229,-4.20064,13.7208976311012,4.11626928933036,17.8371669204315
"44","P81.B45.0",81,7.6,"Til_spe","Alive",8.100000381,0.422,1.94295,1.29229,-4.20064,2.28296070843921,0.684888212531764,2.96784892097098
"45","P81.B46.0",81,13.1,"Til_spe","Alive",10.10000038,0.422,1.94295,1.29229,-4.20064,8.74525121676769,2.62357536503031,11.368826581798
"46","P81.B47.1",81,20.5,"Ulm_spe","Alive",15.39999962,0.508,1.94295,1.29229,-4.20064,43.345109116496,13.0035327349488,56.3486418514447
"47","P81.B47.2",81,6.6,"Ulm_spe","Alive",5,0.508,1.94295,1.29229,-4.20064,1.12008668402757,0.33602600520827,1.45611268923584
"48","P81.B48.1",81,13,"Ulm_spe","Dead",12.5,0.508,1.94295,1.29229,-4.20064,13.6618299343193,4.09854898029579,17.7603789146151
"49","P81.B48.2",81,10,"Ulm_spe","Dead",9,0.508,1.94295,1.29229,-4.20064,5.36728739230851,1.61018621769255,6.97747361000106
"50","P81.B49.0",81,8,"Til_spe","Alive",7.800000191,0.422,1.94295,1.29229,-4.20064,2.40214475365392,0.720643426096176,3.1227881797501
"51","P81.B50.0",81,7,"Car_bet","Alive",8.5,0.706,0.00021491,2.258957614,0.001411006,41.8037199787091,12.5411159936127,54.3448359723218
"52","P81.B51.0",81,34.9,"Que_rob","Alive",31.79999924,0.56,2.00333,0.85925,-2.86353,361.759182589947,108.527754776984,470.286937366931
"53","P81.B52.0",81,7.4,"Til_spe","Alive",7.5,0.422,1.94295,1.29229,-4.20064,1.96246638448065,0.588739915344194,2.55120629982484
"54","P81.B53.0",81,7.2,"Ace_pse","Dead",8.899999619,0.51,1.89756,0.97716,-2.94253,4.53199335961391,1.35959800788417,5.89159136749808
"55","P81.B54.0",81,13.6,"Til_spe","Alive",6.5,0.422,1.94295,1.29229,-4.20064,5.32138596825168,1.5964157904755,6.91780175872719
"56","P81.B55.0",81,12.4,"Ace_pse","Alive",11.30000019,0.51,1.89756,0.97716,-2.94253,16.0547254839619,4.81641764518856,20.8711431291504
"57","P81.B56.0",81,8.5,"Ace_pse","Alive",9.5,0.51,1.89756,0.97716,-2.94253,6.61856848473254,1.98557054541976,8.6041390301523
"58","P81.B57.0",81,12.6,"Ulm_spe","Alive",10.60000038,0.508,1.94295,1.29229,-4.20064,10.3897305629272,3.11691916887815,13.5066497318053
"59","P81.B58.0",81,11.8,"Ulm_spe","Alive",10.5,0.508,1.94295,1.29229,-4.20064,9.03509374788753,2.71052812436626,11.7456218722538
"60","P81.B59.0",81,7.4,"Ulm_spe","Dead",8.899999619,0.508,1.94295,1.29229,-4.20064,2.94718742356395,0.884156227069185,3.83134365063314
"61","P81.B60.0",81,8.1,"Til_spe","Alive",7.400000095,0.422,1.94295,1.29229,-4.20064,2.29898411326273,0.68969523397882,2.98867934724155
"62","P81.B61.0",81,9.4,"Til_spe","Alive",7.599999905,0.422,1.94295,1.29229,-4.20064,3.17761216713495,0.953283650140484,4.13089581727543
"63","P81.B62.0",81,33.7,"Que_rob","Alive",31,0.56,2.00333,0.85925,-2.86353,329.966577305195,98.9899731915586,428.956550496754
"64","P81.B63.0",81,11.4,"Ace_pla","Alive",11.80000019,0.525,1.89756,0.97716,-2.94253,14.6985068223107,4.40955204669322,19.1080588690039
"65","P81.B64.0",81,36.8,"Til_spe","Alive",28.10000038,0.422,1.94295,1.29229,-4.20064,244.122749945735,73.2368249837206,317.359574929456
"66","P81.B65.0",81,51.9,"Que_rob","Alive",33.09999847,0.56,2.00333,0.85925,-2.86353,829.142194330656,248.742658299197,1077.88485262985
"67","P81.B66.0",81,29.9,"Til_spe","Alive",26.70000076,0.422,1.94295,1.29229,-4.20064,152.657141409526,45.7971424228579,198.454283832384
"68","P81.B67.0",81,44.1,"Que_rob","Alive",29.79999924,0.56,2.00333,0.85925,-2.86353,546.69371613517,164.008114840551,710.701830975721
"69","P81.B68.0",81,6.1,"Til_spe","Alive",6.699999809,0.422,1.94295,1.29229,-4.20064,1.16541426628402,0.349624279885205,1.51503854616922
"70","P81.B69.0",81,6.9,"Til_spe","Alive",16.20000076,0.422,1.94295,1.29229,-4.20064,4.63427244225051,1.39028173267515,6.02455417492566
"71","P81.B70.0",81,6.5,"Til_spe","Alive",6.099999905,0.422,1.94295,1.29229,-4.20064,1.16793702542957,0.350381107628872,1.51831813305844
"72","P81.B71.0",81,31.2,"Que_rob","Alive",31.29999924,0.56,2.00333,0.85925,-2.86353,285.103003798041,85.5309011394122,370.633904937453
"73","P81.B72.0",81,9.3,"Til_spe","Alive",9.199999809,0.422,1.94295,1.29229,-4.20064,3.98384874402935,1.19515462320881,5.17900336723816
"74","P81.B73.0",81,6.1,"Til_spe","Alive",5.699999809,0.422,1.94295,1.29229,-4.20064,0.945717962305423,0.283715388691627,1.22943335099705
"75","P81.B74.0",81,9,"Til_spe","Alive",8.300000191,0.422,1.94295,1.29229,-4.20064,3.27232523180326,0.981697569540978,4.25402280134424
"76","P81.B75.0",81,9.2,"Til_spe","Alive",8.899999619,0.422,1.94295,1.29229,-4.20064,3.73744046396021,1.12123213918806,4.85867260314827
"77","P81.B76.0",81,24.5,"Que_rob","Alive",27.89999962,0.56,2.00333,0.85925,-2.86353,159.134412656764,47.7403237970293,206.874736453794
"78","P81.B77.0",81,9.2,"Ulm_spe","Alive",9.100000381,0.508,1.94295,1.29229,-4.20064,4.63018113618987,1.38905434085696,6.01923547704683
"79","P81.B78.0",81,11.2,"Til_spe","Alive",11.19999981,0.422,1.94295,1.29229,-4.20064,7.3716998267947,2.21150994803841,9.58320977483311
"80","P81.B79.0",81,5,"Til_spe","Alive",5.300000191,0.422,1.94295,1.29229,-4.20064,0.584970264152863,0.175491079245859,0.760461343398721
"81","P81.B80.0",81,8.1,"Til_spe","Alive",7.300000191,0.422,1.94295,1.29229,-4.20064,2.25891566659007,0.677674699977021,2.93659036656709
"82","P81.B81.0",81,51.5,"Que_rob","Alive",32.90000153,0.56,2.00333,0.85925,-2.86353,812.149490141807,243.644847042542,1055.79433718435
"83","P81.B82.0",81,8.8,"Til_spe","Alive",10.10000038,0.422,1.94295,1.29229,-4.20064,4.03694315002203,1.21108294500661,5.24802609502864
"84","P81.B83.0",81,6.5,"Til_spe","Alive",7.599999905,0.422,1.94295,1.29229,-4.20064,1.55171562355508,0.465514687066524,2.01723031062161
"85","P81.B84.0",81,9.1,"Til_spe","Alive",6.5,0.422,1.94295,1.29229,-4.20064,2.43772556164228,0.731317668492684,3.16904323013496
"86","P81.B85.0",81,8.8,"Til_spe","Alive",9.899999619,0.422,1.94295,1.29229,-4.20064,3.93393815658275,1.18018144697483,5.11411960355758
"87","P81.B86.0",81,15.2,"Til_spe","Alive",11.60000038,0.422,1.94295,1.29229,-4.20064,13.9619786290298,4.18859358870894,18.1505722177387
"88","P81.B87.0",81,7,"Til_spe","Alive",10.19999981,0.422,1.94295,1.29229,-4.20064,2.62109449798826,0.786328349396478,3.40742284738474
"89","P81.B88.0",81,6.3,"Til_spe","Alive",5.699999809,0.422,1.94295,1.29229,-4.20064,1.00689400576859,0.302068201730578,1.30896220749917
"90","P81.B89.0",81,6.5,"Til_spe","Alive",7.300000191,0.422,1.94295,1.29229,-4.20064,1.47302140003886,0.441906420011659,1.91492782005052
"91","P81.B90.0",81,9.8,"Til_spe","Alive",9.699999809,0.422,1.94295,1.29229,-4.20064,4.72273387235561,1.41682016170668,6.13955403406229
"92","P81.B91.0",81,6.3,"Til_spe","Alive",3.700000048,0.422,1.94295,1.29229,-4.20064,0.57604401703414,0.172813205110242,0.748857222144383
"93","P81.B92.0",81,8.8,"Til_spe","Alive",8.5,0.422,1.94295,1.29229,-4.20064,3.23040465785785,0.969121397357354,4.1995260552152
"94","P81.B93.0",81,12.5,"Ulm_spe","Alive",10.10000038,0.508,1.94295,1.29229,-4.20064,9.61086765206117,2.88326029561835,12.4941279476795
"95","P81.B94.0",81,70.6,"Que_rob","Alive",33.79999924,0.56,2.00333,0.85925,-2.86353,1563.71713545839,469.115140637517,2032.83227609591
"96","P81.B95.0",81,7.6,"Til_spe","Alive",7.199999809,0.422,1.94295,1.29229,-4.20064,1.96062484849464,0.588187454548391,2.54881230304303
"97","P81.B96.0",81,18,"Til_spe","Alive",12.69999981,0.422,1.94295,1.29229,-4.20064,21.8002639731325,6.54007919193975,28.3403431650722
"98","P81.B97.0",81,6.5,"Ulm_spe","Alive",8.800000191,0.508,1.94295,1.29229,-4.20064,2.25757573548664,0.677272720645992,2.93484845613263
"99","P81.B98.0",81,6.9,"Ulm_spe","Alive",9.100000381,0.508,1.94295,1.29229,-4.20064,2.64757494769941,0.794272484309824,3.44184743200924
"100","P81.B99.0",81,8.2,"Car_bet","Alive",8.399999619,0.706,0.00021491,2.258957614,0.001411006,40.7023444314829,12.2107033294449,52.9130477609278
"101","P81.B100.0",81,8.9,"Til_spe","Alive",2.099999905,0.422,1.94295,1.29229,-4.20064,0.542142678171462,0.162642803451439,0.7047854816229
"102","P81.B101.0",81,6.4,"Car_bet","Alive",4.699999809,0.706,0.00021491,2.258957614,0.001411006,10.9629931036893,3.2888979311068,14.2518910347961
"103","P81.B102.0",81,14.2,"Til_spe","Alive",11.80000019,0.422,1.94295,1.29229,-4.20064,12.505946988402,3.75178409652059,16.2577310849226
"104","P81.B103.0",81,13.5,"Til_spe","Alive",12,0.422,1.94295,1.29229,-4.20064,11.5849100043647,3.47547300130941,15.0603830056741
"105","P81.B104.0",81,6.1,"Car_bet","Alive",7.300000191,0.706,0.00021491,2.258957614,0.001411006,29.641071585036,8.89232147551079,38.5333930605467
"106","P81.B105.0",81,11.6,"Ulm_spe","Alive",10.30000019,0.508,1.94295,1.29229,-4.20064,8.5254021741312,2.55762065223936,11.0830228263706
"107","P81.B106.0",81,21.5,"Car_bet","Alive",18.29999924,0.706,0.00021491,2.258957614,0.001411006,236.387858436584,70.9163575309752,307.304215967559
"108","P81.B107.0",81,26.9,"Car_bet","Alive",22.89999962,0.706,0.00021491,2.258957614,0.001411006,392.313560075738,117.694068022721,510.007628098459
"109","P81.B108.0",81,38.5,"Car_bet","Alive",25.20000076,0.706,0.00021491,2.258957614,0.001411006,487.035405624773,146.110621687432,633.146027312205
"110","P81.B109.0",81,30.3,"Car_bet","Alive",23.29999924,0.706,0.00021491,2.258957614,0.001411006,407.974261351919,122.392278405576,530.366539757494
"111","P81.B110.0",81,28.2,"Car_bet","Alive",24.89999962,0.706,0.00021491,2.258957614,0.001411006,474.00416192964,142.201248578892,616.205410508532
"112","P81.B111.0",81,35.5,"Car_bet","Alive",25.29999924,0.706,0.00021491,2.258957614,0.001411006,491.403523176959,147.421056953088,638.824580130046
"113","P81.B112.0",81,28.7,"Car_bet","Alive",16.29999924,0.706,0.00021491,2.258957614,0.001411006,182.015778412417,54.6047335237251,236.620511936142
"114","P81.B113.0",81,41,"Que_rob","Alive",29.10000038,0.56,2.00333,0.85925,-2.86353,462.869907018286,138.860972105486,601.730879123771
"115","P81.B114.0",81,27.5,"Que_rob","Alive",25.39999962,0.56,2.00333,0.85925,-2.86353,185.025820227214,55.5077460681642,240.533566295378
"116","P81.B115.0",81,32.3,"Que_rob","Alive",25.79999924,0.56,2.00333,0.85925,-2.86353,258.84245937771,77.6527378133129,336.495197191022
"117","P81.B116.0",81,42.6,"Que_rob","Alive",28.89999962,0.56,2.00333,0.85925,-2.86353,496.812147092907,149.043644127872,645.855791220779
"118","P81.B117.0",81,45.9,"Que_rob","Alive",31.20000076,0.56,2.00333,0.85925,-2.86353,616.14390751325,184.843172253975,800.987079767225
"119","P81.B119.0",81,5.5,"Fra_exc","Alive",8.800000191,0.56,1.95277,0.77206,-2.48079,3.29494238888259,0.988482716664778,4.28342510554737
"120","P81.B120.0",81,9.3,"Ulm_spe","Alive",9.399999619,0.508,1.94295,1.29229,-4.20064,4.93087637073429,1.47926291122029,6.41013928195458
"121","P81.B122.0",81,39.1,"Que_rob","Alive",29.5,0.56,2.00333,0.85925,-2.86353,425.863714489916,127.759114346975,553.622828836891
"122","P81.B123.0",81,13.5,"Til_spe","Alive",11.89999962,0.422,1.94295,1.29229,-4.20064,11.460302910653,3.43809087319589,14.8983937838489
"123","P81.B124.0",81,7.3,"Ulm_spe","Alive",8.300000191,0.508,1.94295,1.29229,-4.20064,2.62274090536202,0.786822271608605,3.40956317697062
"124","P81.B125.0",81,8.1,"Car_bet","Alive",6.599999905,0.706,0.00021491,2.258957614,0.001411006,23.6061733878019,7.08185201634057,30.6880254041425
"125","P81.B126.0",81,40.6,"Que_rob","Alive",29.10000038,0.56,2.00333,0.85925,-2.86353,453.867537899799,136.16026136994,590.027799269739
"126","P81.B127.0",81,10.5,"Ulm_spe","Alive",6.300000191,0.508,1.94295,1.29229,-4.20064,3.72174284446333,1.116522853339,4.83826569780233
"127","P81.B128.0",81,20.3,"Til_spe","Alive",12.69999981,0.422,1.94295,1.29229,-4.20064,27.5378142045206,8.26134426135618,35.7991584658768
"128","P81.B129.0",81,40.9,"Que_rob","Dead",24.10000038,0.56,2.00333,0.85925,-2.86353,391.726012289637,117.517803686891,509.243815976529
"129","P81.B130.0",81,13.1,"Til_spe","Alive",10.19999981,0.422,1.94295,1.29229,-4.20064,8.85730716264143,2.65719214879243,11.5144993114339
"130","P81.B131.1",81,9.4,"Til_spe","Alive",6.599999905,0.422,1.94295,1.29229,-4.20064,2.64802892062547,0.79440867618764,3.44243759681311
"131","P81.B131.2",81,9.4,"Til_spe","Alive",6.5,0.422,1.94295,1.29229,-4.20064,2.59629538423446,0.778888615270339,3.3751839995048
"132","P81.B132.0",81,37.6,"Que_rob","Alive",21.60000038,0.56,2.00333,0.85925,-2.86353,301.245844498075,90.3737533494224,391.619597847497
"133","P81.B133.0",81,10.6,"Til_spe","Alive",6.599999905,0.422,1.94295,1.29229,-4.20064,3.34427507260995,1.00328252178298,4.34755759439293
"134","P81.B134.0",81,7.5,"Til_spe","Alive",7.199999809,0.422,1.94295,1.29229,-4.20064,1.91081224223132,0.573243672669395,2.48405591490071
"135","P81.B135.0",81,11.3,"Til_spe","Alive",9.899999619,0.422,1.94295,1.29229,-4.20064,6.39475164381263,1.91842549314379,8.31317713695642
"136","P81.B136.0",81,11.4,"Til_spe","Alive",9.600000381,0.422,1.94295,1.29229,-4.20064,6.25155607941156,1.87546682382347,8.12702290323502
"137","P81.B137.0",81,25.3,"Que_rob","Alive",24.20000076,0.56,2.00333,0.85925,-2.86353,150.185292876756,45.0555878630269,195.240880739783
"138","P81.B138.0",81,17.5,"Ulm_spe","Alive",10.60000038,0.508,1.94295,1.29229,-4.20064,19.6698075683761,5.90094227051283,25.5707498388889
"139","P81.B139.0",81,31.8,"Que_rob","Alive",26.20000076,0.56,2.00333,0.85925,-2.86353,254.216259827496,76.2648779482488,330.481137775745
"140","P81.B140.0",81,12.5,"Til_spe","Alive",13,0.422,1.94295,1.29229,-4.20064,11.0630455612424,3.31891366837271,14.3819592296151
"141","P81.B141.0",81,6.4,"Til_spe","Alive",4.800000191,0.422,1.94295,1.29229,-4.20064,0.83142710350278,0.249428131050834,1.08085523455361
"142","P81.B142.0",81,7.4,"Ace_pse","Alive",11.19999981,0.51,1.89756,0.97716,-2.94253,5.97608423144255,1.79282526943276,7.76890950087531
"143","P81.B143.0",81,47.7,"Que_rob","Alive",30.79999924,0.56,2.00333,0.85925,-2.86353,658.163850980829,197.449155294249,855.613006275078
"144","P81.B145.1",81,8.1,"Til_spe","Alive",6.699999809,0.422,1.94295,1.29229,-4.20064,2.02192338233775,0.606577014701325,2.62850039703908
"145","P81.B145.2",81,8.2,"Til_spe","Alive",5.900000095,0.422,1.94295,1.29229,-4.20064,1.75693023263335,0.527079069790006,2.28400930242336
"146","P81.B146.0",81,30.7,"Que_rob","Alive",23.79999924,0.56,2.00333,0.85925,-2.86353,218.13395183678,65.440185551034,283.574137387814
"147","P81.B147.0",81,8.9,"Til_spe","Alive",3.299999952,0.422,1.94295,1.29229,-4.20064,0.972261796230791,0.291678538869237,1.26394033510003
"148","P81.B148.0",81,45.8,"Car_bet","Alive",25.39999962,0.706,0.00021491,2.258957614,0.001411006,495.8291934511,148.74875803533,644.57795148643
"149","P81.B149.0",81,7.2,"Ace_pse","Alive",8.399999619,0.51,1.89756,0.97716,-2.94253,4.28303942489568,1.2849118274687,5.56795125236439
"150","P81.B150.0",81,48.4,"Que_rob","Alive",28.20000076,0.56,2.00333,0.85925,-2.86353,628.200708543963,188.460212563189,816.660921107152
"151","P81.B151.0",81,7.9,"Til_spe","Alive",7.300000191,0.422,1.94295,1.29229,-4.20064,2.15180844218327,0.64554253265498,2.79735097483825
"152","P81.B152.0",81,48.2,"Que_rob","Alive",31.60000038,0.56,2.00333,0.85925,-2.86353,687.02946063579,206.108838190737,893.138298826527
"153","P81.B153.0",81,33.9,"Que_rob","Alive",28.89999962,0.56,2.00333,0.85925,-2.86353,314.370680420699,94.3112041262097,408.681884546909
"154","P81.B154.0",81,9.4,"Til_spe","Dead",11,0.422,1.94295,1.29229,-4.20064,5.1240770635139,1.53722311905417,6.66130018256807
"155","P81.B155.0",81,12.2,"Til_spe","Alive",10.39999962,0.422,1.94295,1.29229,-4.20064,7.90934214819466,2.3728026444584,10.2821447926531
"156","P81.B156.0",81,9.7,"Ace_pse","Alive",10.39999962,0.51,1.89756,0.97716,-2.94253,9.2897996240194,2.78693988720582,12.0767395112252
"157","P81.B157.0",81,16.6,"Ulm_spe","Dead",14,0.508,1.94295,1.29229,-4.20064,25.4322981704039,7.62968945112116,33.061987621525
"158","P81.B158.0",81,11,"Ulm_spe","Dead",10.5,0.508,1.94295,1.29229,-4.20064,7.88303463485583,2.36491039045675,10.2479450253126
"159","P81.B159.0",81,7.2,"Ulm_spe","Alive",6.900000095,0.508,1.94295,1.29229,-4.20064,2.01111669333047,0.60333500799914,2.61445170132961
"160","P81.B160.0",81,31.5,"Que_rob","Alive",25.89999962,0.56,2.00333,0.85925,-2.86353,246.978361842313,74.0935085526938,321.071870395006
"161","P81.B162.0",81,9,"Til_spe","Alive",7.699999809,0.422,1.94295,1.29229,-4.20064,2.96991558555243,0.890974675665729,3.86089026121816
"162","P81.B163.0",81,8.1,"Car_bet","Alive",9.600000381,0.706,0.00021491,2.258957614,0.001411006,55.032559707389,16.5097679122167,71.5423276196057
"163","P81.B5.1",81,6.3,"Car_bet","New Trees",4.1,0.706,0.00021491,2.258957614,0.001411006,8.05266989383325,2.41580096814998,10.4684708619832
"164","P81.B31.0",81,7.9,"Ulm_spe","New Trees",8.3,0.508,1.94295,1.29229,-4.20064,3.05778385154443,0.917335155463328,3.97511900700776
"165","P81.B34.1",81,5.1,"Ulm_spe","New Trees",5.2,0.508,1.94295,1.29229,-4.20064,0.714009898172161,0.214202969451648,0.92821286762381
"166","P81.B37.0",81,28.9,"Ulm_spe","New Trees",17.4,0.508,1.94295,1.29229,-4.20064,98.9116961824211,29.6735088547263,128.585205037147
"167","P81.B147.1",81,6.7,"Til_spe","New Trees",5.3,0.422,1.94295,1.29229,-4.20064,1.03298029694242,0.309894089082725,1.34287438602514
"168","P81.B164.0",81,5.2,"Til_spe","New Trees",3.5,0.422,1.94295,1.29229,-4.20064,0.369273315730669,0.110781994719201,0.480055310449869
"169","P81.B165.0",81,7,"Til_spe","New Trees",9.9,0.422,1.94295,1.29229,-4.20064,2.52190184225365,0.756570552676094,3.27847239492974
"170","P81.B166.0",81,6.4,"Car_bet","New Trees",9.7,0.706,0.00021491,2.258957614,0.001411006,56.3331620812195,16.8999486243658,73.2331107055853
"171","P81.B167.0",81,6.5,"Car_bet","New Trees",9.4,0.706,0.00021491,2.258957614,0.001411006,52.4740552950816,15.7422165885245,68.2162718836061
"172","P81.B168.0",81,5.2,"Ace_pse","New Trees",7.4,0.51,1.89756,0.97716,-2.94253,2.04070986635984,0.612212959907951,2.65292282626779
"173","P81.B169.0",81,5.9,"Ulm_spe","New Trees",6.9,0.508,1.94295,1.29229,-4.20064,1.3658720095758,0.409761602872739,1.77563361244854
"174","P81.B169.1",81,5.8,"Til_spe","New Trees",5.1,0.422,1.94295,1.29229,-4.20064,0.742649374153413,0.222794812246024,0.965444186399437
"175","P81.B171.0",81,8,"Ulm_spe","New Trees",10,0.508,1.94295,1.29229,-4.20064,3.98653414288429,1.19596024286529,5.18249438574958
"176","P81.B172.0",81,5.4,"Ulm_spe","New Trees",6.2,0.508,1.94295,1.29229,-4.20064,1.00150036019805,0.300450108059415,1.30195046825747
"177","P81.B173.0",81,6.3,"Ulm_spe","New Trees",8,0.508,1.94295,1.29229,-4.20064,1.87836366040014,0.563509098120041,2.44187275852018
"178","P81.B174.0",81,6.5,"Ulm_spe","New Trees",7.1,0.508,1.94295,1.29229,-4.20064,1.71068266886565,0.513204800659695,2.22388746952535
"179","P81.B175.0",81,8.6,"Ulm_spe","New Trees",9.8,0.508,1.94295,1.29229,-4.20064,4.46973843086007,1.34092152925802,5.8106599601181
"180","P81.B175.1",81,6.4,"Ulm_spe","New Trees",8.3,0.508,1.94295,1.29229,-4.20064,2.03109204969727,0.60932761490918,2.64041966460645
"181","P81.B177.0",81,6.8,"Til_spe","New Trees",7.8,0.422,1.94295,1.29229,-4.20064,1.75171586163987,0.52551475849196,2.27723062013183
"182","P81.B178.0",81,6.5,"Til_spe","New Trees",7.2,0.422,1.94295,1.29229,-4.20064,1.44699741255711,0.434099223767134,1.88109663632425
"183","P81.B179.0",81,7.1,"Til_spe","New Trees",6.5,0.422,1.94295,1.29229,-4.20064,1.50510828627931,0.451532485883793,1.9566407721631
"184","P81.B180.0",81,5.7,"Til_spe","New Trees",9.5,0.422,1.94295,1.29229,-4.20064,1.60407631076634,0.481222893229901,2.08529920399624
"185","P81.B181.0",81,6.5,"Car_bet","New Trees",7.5,0.706,0.00021491,2.258957614,0.001411006,31.507675063559,9.45230251906769,40.9599775826266
"186","P81.B182.0",81,7.2,"Til_spe","New Trees",6.3,0.422,1.94295,1.29229,-4.20064,1.48535242306646,0.445605726919938,1.9309581499864
"187","P81.B183.0",81,5.6,"Til_spe","New Trees",5.2,0.422,1.94295,1.29229,-4.20064,0.711330490072664,0.213399147021799,0.924729637094463
"188","P81.B184.0",81,6.5,"Ulm_spe","New Trees",7.7,0.508,1.94295,1.29229,-4.20064,1.8997650919466,0.569929527583981,2.46969461953059
"189","P81.B185.0",81,5.5,"Til_spe","New Trees",7.5,0.422,1.94295,1.29229,-4.20064,1.10259531818688,0.330778595456063,1.43337391364294
"190","P81.B186.0",81,5.8,"Car_bet","New Trees",6.9,0.706,0.00021491,2.258957614,0.001411006,26.0978036859239,7.82934110577718,33.9271447917011
"191","P81.B187.0",81,5.5,"Ulm_spe","New Trees",7.3,0.508,1.94295,1.29229,-4.20064,1.28173423435107,0.384520270305321,1.66625450465639
"192","P81.B188.0",81,7.3,"Til_spe","New Trees",6.9,0.422,1.94295,1.29229,-4.20064,1.71603040685808,0.514809122057423,2.2308395289155
"193","P82.B1.0",82,8.1,"Til_spe","Alive",9.100000381,0.422,1.94295,1.29229,-4.20064,3.00328210416832,0.900984631250497,3.90426673541882
"194","P82.B2.0",82,9.9,"Til_spe","Alive",9.399999619,0.422,1.94295,1.29229,-4.20064,4.62517648491779,1.38755294547534,6.01272943039313
"195","P82.B3.0",82,7.5,"Ace_pse","Alive",6.699999809,0.51,1.89756,0.97716,-2.94253,3.71049614972001,1.113148844916,4.82364499463602
"196","P82.B4.0",82,9.1,"Til_spe","Alive",6.800000191,0.422,1.94295,1.29229,-4.20064,2.5840919801623,0.775227594048691,3.359319574211
"197","P82.B5.0",82,10.7,"Til_spe","Alive",8.800000191,0.422,1.94295,1.29229,-4.20064,4.93949183483425,1.48184755045028,6.42133938528453
"198","P82.B6.0",82,13.9,"Ace_pse","Alive",8.399999619,0.51,1.89756,0.97716,-2.94253,14.9228366293379,4.47685098880136,19.3996876181392
"199","P82.B7.0",82,8.2,"Ace_pse","Alive",10.80000019,0.51,1.89756,0.97716,-2.94253,7.00778017803496,2.10233405341049,9.11011423144545
"200","P82.B8.0",82,39.7,"Que_rob","Alive",31.39999962,0.56,2.00333,0.85925,-2.86353,463.246758064077,138.974027419223,602.220785483301
"201","P82.B9.0",82,10.5,"Til_spe","Alive",7.900000095,0.422,1.94295,1.29229,-4.20064,4.1419972442776,1.24259917328328,5.38459641756088
"202","P82.B10.0",82,10.2,"Ace_pse","Alive",12.69999981,0.51,1.89756,0.97716,-2.94253,12.4226906842629,3.72680720527887,16.1494978895418
"203","P82.B11.0",82,41.1,"Que_rob","Alive",30,0.56,2.00333,0.85925,-2.86353,477.46856281234,143.240568843702,620.709131656042
"204","P82.B12.0",82,34,"Que_rob","Alive",24.5,0.56,2.00333,0.85925,-2.86353,274.390596652036,82.3171789956109,356.707775647647
"205","P82.B13.0",82,31.6,"Que_rob","Alive",25.10000038,0.56,2.00333,0.85925,-2.86353,241.940392702096,72.5821178106288,314.522510512725
"206","P82.B14.0",82,32.3,"Que_rob","Alive",24.29999924,0.56,2.00333,0.85925,-2.86353,245.857507908128,73.7572523724385,319.614760280567
"207","P82.B15.0",82,24.5,"Ace_pla","Alive",21.60000038,0.525,1.89756,0.97716,-2.94253,113.327014938383,33.9981044815149,147.325119419898
"208","P82.B16.0",82,30.7,"Que_rob","Alive",25.79999924,0.56,2.00333,0.85925,-2.86353,233.7942093448,70.1382628034399,303.93247214824
"209","P82.B17.0",82,40.1,"Que_rob","Alive",28.10000038,0.56,2.00333,0.85925,-2.86353,429.634089761203,128.890226928361,558.524316689563
"210","P82.B18.0",82,54.9,"Fra_exc","Alive",34.40000153,0.56,1.95277,0.77206,-2.48079,843.708627983099,253.11258839493,1096.82121637803
"211","P82.B19.0",82,6.1,"Ace_pse","Alive",5.900000095,0.51,1.89756,0.97716,-2.94253,2.21411274807864,0.664233824423592,2.87834657250223
"212","P82.B20.0",82,49.2,"Car_bet","Alive",30.10000038,0.706,0.00021491,2.258957614,0.001411006,727.60894036452,218.282682109356,945.891622473877
"213","P82.B21.0",82,27.2,"Car_bet","Alive",19.89999962,0.706,0.00021491,2.258957614,0.001411006,285.678582317451,85.7035746952352,371.382157012686
"214","P82.B22.0",82,34.7,"Car_bet","Alive",29.29999924,0.706,0.00021491,2.258957614,0.001411006,684.601959081915,205.380587724575,889.98254680649
"215","P82.B23.0",82,18.1,"Car_bet","Alive",18.70000076,0.706,0.00021491,2.258957614,0.001411006,248.211534545938,74.4634603637816,322.67499490972
"216","P82.B24.0",82,36.6,"Car_bet","Alive",23.60000038,0.706,0.00021491,2.258957614,0.001411006,419.953685614117,125.986105684235,545.939791298352
"217","P82.B25.0",82,18,"Car_bet","Alive",8.399999619,0.706,0.00021491,2.258957614,0.001411006,40.7092225008629,12.2127667502589,52.9219892511217
"218","P82.B26.0",82,25.8,"Car_bet","Alive",10.89999962,0.706,0.00021491,2.258957614,0.001411006,73.3366680636056,22.0010004190817,95.3376684826873
"219","P82.B27.0",82,27.6,"Car_bet","Alive",9.399999619,0.706,0.00021491,2.258957614,0.001411006,52.4903600065346,15.7471080019604,68.2374680084949
"220","P82.B28.0",82,46.5,"Que_rob","Alive",30.29999924,0.56,2.00333,0.85925,-2.86353,616.678348219337,185.003504465801,801.681852685139
"221","P82.B29.0",82,5.3,"Ace_pse","Alive",6.800000191,0.51,1.89756,0.97716,-2.94253,1.94802637380489,0.584407912141466,2.53243428594635
"222","P82.B30.0",82,7.1,"Ulm_spe","Alive",5,0.508,1.94295,1.29229,-4.20064,1.29083625088025,0.387250875264075,1.67808712614432
"223","P82.B31.0",82,29.7,"Que_rob","Alive",24.79999924,0.56,2.00333,0.85925,-2.86353,211.480525113295,63.4441575339886,274.924682647284
"224","P82.B32.0",82,6.2,"Ace_pse","Alive",4.5,0.51,1.89756,0.97716,-2.94253,1.75245714522175,0.525737143566524,2.27819428878827
"225","P82.B33.0",82,5.3,"Ace_pse","Alive",5.099999905,0.51,1.89756,0.97716,-2.94253,1.47065118320784,0.441195354962351,1.91184653817019
"226","P82.B34.0",82,12.6,"Ace_pse","Dead",3.299999952,0.51,1.89756,0.97716,-2.94253,4.97088480694998,1.49126544208499,6.46215024903497
"227","P82.B35.0",82,45.7,"Que_rob","Alive",29.70000076,0.56,2.00333,0.85925,-2.86353,585.459040825957,175.637712247787,761.096753073743
"228","P82.B36.0",82,28.8,"Car_bet","Alive",22.39999962,0.706,0.00021491,2.258957614,0.001411006,373.23470048844,111.970410146532,485.205110634973
"229","P82.B37.0",82,25.5,"Car_bet","Alive",14.89999962,0.706,0.00021491,2.258957614,0.001411006,148.592079071091,44.5776237213273,193.169702792418
"230","P82.B38.0",82,28.9,"Car_bet","Alive",21.10000038,0.706,0.00021491,2.258957614,0.001411006,326.082330189166,97.8246990567497,423.907029245916
"231","P82.B39.0",82,13,"Ulm_spe","Alive",8.800000191,0.508,1.94295,1.29229,-4.20064,8.68017655239903,2.60405296571971,11.2842295181187
"232","P82.B40.0",82,10.8,"Ulm_spe","Alive",5,0.508,1.94295,1.29229,-4.20064,2.9161471198174,0.874844135945219,3.79099125576261
"233","P82.B41.0",82,10.7,"Ulm_spe","Alive",2.700000048,0.508,1.94295,1.29229,-4.20064,1.29162099980277,0.387486299940831,1.6791072997436
"234","P82.B42.0",82,22,"Car_bet","Alive",6.900000095,0.706,0.00021491,2.258957614,0.001411006,26.1052829732311,7.83158489196932,33.9368678652004
"235","P82.B43.0",82,6.9,"Til_spe","Alive",3.900000095,0.422,1.94295,1.29229,-4.20064,0.735807604600162,0.220742281380049,0.956549885980211
"236","P82.B44.1",82,13.7,"Til_spe","Alive",7.300000191,0.422,1.94295,1.29229,-4.20064,6.27119457840439,1.88135837352132,8.15255295192571
"237","P82.B44.2",82,9.4,"Til_spe","Alive",5.599999905,0.422,1.94295,1.29229,-4.20064,2.1414611281732,0.642438338451959,2.78389946662516
"238","P82.B46.0",82,21.4,"Car_bet","Alive",13.60000038,0.706,0.00021491,2.258957614,0.001411006,120.897590542535,36.2692771627606,157.166867705296
"239","P82.B47.0",82,16,"Til_spe","Alive",9.300000191,0.422,1.94295,1.29229,-4.20064,11.593145802434,3.4779437407302,15.0710895431642
"240","P82.B48.0",82,9.6,"Car_bet","Alive",7.599999905,0.706,0.00021491,2.258957614,0.001411006,32.4673624693622,9.74020874080867,42.2075712101709
"241","P82.B49.0",82,47.6,"Que_rob","Alive",33.70000076,0.56,2.00333,0.85925,-2.86353,708.087527288663,212.426258186599,920.513785475262
"242","P82.B50.0",82,8.8,"Til_spe","Alive",7.400000095,0.422,1.94295,1.29229,-4.20064,2.70070787370673,0.810212362112018,3.51092023581875
"243","P82.B51.0",82,7.3,"Til_spe","Alive",6.5,0.422,1.94295,1.29229,-4.20064,1.58857780025423,0.47657334007627,2.0651511403305
"244","P82.B52.0",82,19.7,"Til_spe","Alive",10.39999962,0.422,1.94295,1.29229,-4.20064,20.0669183735899,6.02007551207696,26.0869938856668
"245","P82.B53.1",82,10.9,"Ace_pse","Dead",9.899999619,0.51,1.89756,0.97716,-2.94253,11.0463140974951,3.31389422924852,14.3602083267436
"246","P82.B53.2",82,10.3,"Ace_pse","Alive",4.900000095,0.51,1.89756,0.97716,-2.94253,4.98993520284895,1.49698056085469,6.48691576370364
"247","P82.B54.0",82,8.1,"Ace_pse","Dead",10.5,0.51,1.89756,0.97716,-2.94253,6.66060470932559,1.99818141279768,8.65878612212327
"248","P82.B55.0",82,10.9,"Ace_pse","Alive",8.5,0.51,1.89756,0.97716,-2.94253,9.51729465117586,2.85518839535276,12.3724830465286
"249","P82.B56.0",82,8,"Til_spe","Alive",7.099999905,0.422,1.94295,1.29229,-4.20064,2.12729084278456,0.638187252835368,2.76547809561993
"250","P82.B57.0",82,12.6,"Til_spe","Alive",8.300000191,0.422,1.94295,1.29229,-4.20064,6.29181476134428,1.88754442840328,8.17935918974756
"251","P82.B58.0",82,12.6,"Ace_pse","Alive",13.60000038,0.51,1.89756,0.97716,-2.94253,19.8340550982564,5.95021652947692,25.7842716277333
"252","P82.B59.0",82,8.9,"Til_spe","Alive",7.5,0.422,1.94295,1.29229,-4.20064,2.80896139114623,0.84268841734387,3.6516498084901
"253","P82.B60.0",82,7.6,"Ace_pse","Alive",6.599999905,0.51,1.89756,0.97716,-2.94253,3.74943369823073,1.12483010946922,4.87426380769995
"254","P82.B61.0",82,11,"Til_spe","Alive",8.899999619,0.422,1.94295,1.29229,-4.20064,5.2887938814778,1.58663816444334,6.87543204592115
"255","P82.B62.0",82,10,"Til_spe","Alive",7.699999809,0.422,1.94295,1.29229,-4.20064,3.64458951765462,1.09337685529639,4.73796637295101
"256","P82.B63.0",82,6.4,"Til_spe","Alive",5.099999905,0.422,1.94295,1.29229,-4.20064,0.899184411617786,0.269755323485336,1.16893973510312
"257","P82.B64.0",82,6.2,"Ace_pse","Alive",8.199999809,0.51,1.89756,0.97716,-2.94253,3.14989879738952,0.944969639216856,4.09486843660638
"258","P82.B65.0",82,13.8,"Til_spe","Alive",9.100000381,0.422,1.94295,1.29229,-4.20064,8.45635549186466,2.5369066475594,10.9932621394241
"259","P82.B66.0",82,7.7,"Til_spe","Alive",6,0.422,1.94295,1.29229,-4.20064,1.58891172661817,0.476673517985452,2.06558524460362
"260","P82.B67.0",82,5.4,"Til_spe","Alive",5.400000095,0.422,1.94295,1.29229,-4.20064,0.695929319713069,0.208778795913921,0.90470811562699
"261","P82.B68.0",82,34.1,"Car_bet","Alive",27.60000038,0.706,0.00021491,2.258957614,0.001411006,598.13237616512,179.439712849536,777.572089014656
"262","P82.B69.0",82,34.3,"Car_bet","Alive",24.60000038,0.706,0.00021491,2.258957614,0.001411006,461.220675048283,138.366202514485,599.586877562768
"263","P82.B70.0",82,47.6,"Car_bet","Alive",32.59999847,0.706,0.00021491,2.258957614,0.001411006,871.305105605699,261.39153168171,1132.69663728741
"264","P82.B71.0",82,8.4,"Ace_pla","Alive",8.199999809,0.525,1.89756,0.97716,-2.94253,5.76966178398813,1.73089853519644,7.50056031918457
"265","P82.B72.0",82,5.2,"Ace_pse","Alive",5.699999809,0.51,1.89756,0.97716,-2.94253,1.58129703529358,0.474389110588074,2.05568614588165
"266","P82.B73.0",82,51.5,"Fra_exc","Dead",35.40000153,0.56,1.95277,0.77206,-2.48079,761.345443311957,228.403632993587,989.749076305544
"267","P82.B74.0",82,37.5,"Fra_exc","Alive",25.79999924,0.56,1.95277,0.77206,-2.48079,320.973084804022,96.2919254412065,417.265010245228
"268","P82.B75.0",82,42.7,"Car_bet","Alive",33.79999924,0.706,0.00021491,2.258957614,0.001411006,945.41773638256,283.625320914768,1229.04305729733
"269","P82.B76.0",82,19.9,"Car_bet","Alive",17.39999962,0.706,0.00021491,2.258957614,0.001411006,210.932080434742,63.2796241304227,274.211704565165
"270","P82.B77.0",82,33,"Car_bet","Alive",23.5,0.706,0.00021491,2.258957614,0.001411006,415.935397375505,124.780619212652,540.716016588157
"271","P82.B78.0",82,31,"Car_bet","Alive",21.89999962,0.706,0.00021491,2.258957614,0.001411006,354.684558899526,106.405367669858,461.089926569383
"272","P82.B79.0",82,20.1,"Car_bet","Alive",13.39999962,0.706,0.00021491,2.258957614,0.001411006,116.916918166803,35.0750754500408,151.991993616843
"273","P82.B80.0",82,11.9,"Ace_pla","Alive",11,0.525,1.89756,0.97716,-2.94253,14.8886317303898,4.46658951911694,19.3552212495068
"274","P82.B81.0",82,58,"Fra_exc","Dead",32,0.56,1.95277,0.77206,-2.48079,888.23493930548,266.470481791644,1154.70542109712
"275","P82.B82.0",82,27.7,"Car_bet","Alive",20,0.706,0.00021491,2.258957614,0.001411006,288.932881768221,86.6798645304662,375.612746298687
"276","P82.B83.0",82,15.9,"Car_bet","Alive",10.10000038,0.706,0.00021491,2.258957614,0.001411006,61.7295334341942,18.5188600302582,80.2483934644524
"277","P82.B84.0",82,17.4,"Car_bet","Alive",10.89999962,0.706,0.00021491,2.258957614,0.001411006,73.3304600862731,21.9991380258819,95.329598112155
"278","P82.B85.0",82,26.8,"Car_bet","Alive",17.5,0.706,0.00021491,2.258957614,0.001411006,213.694102203027,64.1082306609081,277.802332863935
"279","P82.B86.0",82,9.7,"Ace_pla","Alive",9.800000191,0.525,1.89756,0.97716,-2.94253,9.02355504578874,2.70706651373662,11.7306215595254
"280","P82.B87.0",82,41.8,"Que_rob","Alive",28.70000076,0.56,2.00333,0.85925,-2.86353,475.452042464182,142.635612739255,618.087655203437
"281","P82.B88.0",82,7,"Ace_pla","Alive",7.5,0.525,1.89756,0.97716,-2.94253,3.74137913948312,1.12241374184494,4.86379288132806
"282","P82.B89.0",82,8.6,"Ace_pla","Alive",12.30000019,0.525,1.89756,0.97716,-2.94253,8.9662570619106,2.68987711857318,11.6561341804838
"283","P82.B90.0",82,9.3,"Ace_pla","Alive",11.89999962,0.525,1.89756,0.97716,-2.94253,10.0709068405279,3.02127205215838,13.0921788926863
"284","P82.B91.0",82,36,"Que_rob","Dead",19.20000076,0.56,2.00333,0.85925,-2.86353,249.536851757128,74.8610555271383,324.397907284266
"285","P82.B92.0",82,10.2,"Ace_pla","Alive",11.30000019,0.525,1.89756,0.97716,-2.94253,11.4087509684824,3.42262529054472,14.8313762590271
"286","P82.B93.0",82,38.3,"Que_rob","Alive",22,0.56,2.00333,0.85925,-2.86353,317.553493956989,95.2660481870966,412.819542144085
"287","P82.B94.0",82,32.9,"Que_rob","Alive",24.5,0.56,2.00333,0.85925,-2.86353,256.894983331894,77.0684949995683,333.963478331463
"288","P82.B95.0",82,11,"Ace_pse","Alive",6.699999809,0.51,1.89756,0.97716,-2.94253,7.67460156635436,2.30238046990631,9.97698203626066
"289","P82.B96.0",82,36.9,"Que_rob","Alive",29.70000076,0.56,2.00333,0.85925,-2.86353,381.423569325695,114.427070797709,495.850640123404
"290","P82.B97.0",82,63.7,"Que_rob","Alive",31.39999962,0.56,2.00333,0.85925,-2.86353,1194.52172222868,358.356516668605,1552.87823889729
"291","P82.B98.0",82,22.8,"Car_bet","Alive",13.89999962,0.706,0.00021491,2.258957614,0.001411006,127.007434639349,38.1022303918048,165.109665031154
"292","P82.B99.0",82,15.4,"Ace_pla","Alive",11.39999962,0.525,1.89756,0.97716,-2.94253,25.1471961262465,7.54415883787394,32.6913549641204
"293","P82.B100.0",82,15.1,"Ulm_spe","Alive",10.39999962,0.508,1.94295,1.29229,-4.20064,14.4092723828485,4.32278171485455,18.7320540977031
"294","P82.B101.0",82,15.9,"Ace_pla","Alive",15.60000038,0.525,1.89756,0.97716,-2.94253,36.301902799326,10.8905708397978,47.1924736391237
"295","P82.B102.0",82,37.3,"Que_rob","Alive",27.39999962,0.56,2.00333,0.85925,-2.86353,363.671465906801,109.10143977204,472.772905678841
"296","P82.B103.0",82,33.9,"Car_bet","Alive",21,0.706,0.00021491,2.258957614,0.001411006,322.612766615921,96.7838299847763,419.396596600697
"297","P82.B104.0",82,68,"Fra_exc","Alive",32.90000153,0.56,1.95277,0.77206,-2.48079,1238.01865026937,371.405595080812,1609.42424535018
"298","P82.B105.0",82,21.8,"Car_bet","Alive",13.19999981,0.706,0.00021491,2.258957614,0.001411006,113.01393548309,33.904180644927,146.918116128017
"299","P82.B106.0",82,10.5,"Til_spe","Alive",6.199999809,0.422,1.94295,1.29229,-4.20064,3.02841315615038,0.908523946845113,3.93693710299549
"300","P82.B107.0",82,33.9,"Car_bet","Alive",24.10000038,0.706,0.00021491,2.258957614,0.001411006,440.313643638352,132.094093091505,572.407736729857
"301","P82.B108.0",82,8.3,"Ace_pse","Alive",9.100000381,0.51,1.89756,0.97716,-2.94253,6.06577395284354,1.81973218585306,7.88550613869661
"302","P82.B109.0",82,6.2,"Ace_pse","Alive",8.300000191,0.51,1.89756,0.97716,-2.94253,3.18742977354716,0.956228932064148,4.14365870561131
"303","P82.B110.0",82,13.8,"Ace_pse","Alive",8.800000191,0.51,1.89756,0.97716,-2.94253,15.4043418743923,4.62130256231768,20.0256444367099
"304","P82.B111.0",82,24.8,"Ulm_spe","Alive",4.900000095,0.508,1.94295,1.29229,-4.20064,14.2866430528859,4.28599291586577,18.5726359687517
"305","P82.B112.0",82,18.6,"Car_bet","Alive",12.69999981,0.706,0.00021491,2.258957614,0.001411006,103.570002629278,31.0710007887834,134.641003418061
"306","P82.B113.0",82,38.8,"Car_bet","Alive",26.29999924,0.706,0.00021491,2.258957614,0.001411006,536.385004777407,160.915501433222,697.300506210629
"307","P82.B114.0",82,49.9,"Car_bet","Alive",29.79999924,0.706,0.00021491,2.258957614,0.001411006,711.331955732089,213.399586719627,924.731542451715
"308","P82.B115.0",82,9.7,"Ulm_spe","Alive",6,0.508,1.94295,1.29229,-4.20064,2.99565653548674,0.898696960646023,3.89435349613276
"309","P82.B116.0",82,16.2,"Ulm_spe","Alive",9,0.508,1.94295,1.29229,-4.20064,13.7035171542236,4.11105514626709,17.8145723004907
"310","P82.B117.0",82,34.1,"Car_bet","Alive",20.20000076,0.706,0.00021491,2.258957614,0.001411006,295.514099873957,88.6542299621872,384.168329836145
"311","P82.B118.0",82,32.1,"Ace_pla","Alive",20.29999924,0.525,1.89756,0.97716,-2.94253,178.093931525366,53.4281794576098,231.522110982976
"312","P82.B119.0",82,10.4,"Ace_pse","Alive",8.100000381,0.51,1.89756,0.97716,-2.94253,8.30539929222461,2.49161978766738,10.797019079892
"313","P82.B120.0",82,10.5,"Ulm_spe","Alive",5.099999905,0.508,1.94295,1.29229,-4.20064,2.83238573732875,0.849715721198625,3.68210145852737
"314","P82.B121.0",82,9.6,"Ulm_spe","Alive",5.400000095,0.508,1.94295,1.29229,-4.20064,2.56221654802667,0.768664964408001,3.33088151243467
"315","P82.B122.0",82,12.7,"Ulm_spe","Alive",5.900000095,0.508,1.94295,1.29229,-4.20064,4.94819256683305,1.48445777004991,6.43265033688296
"316","P82.B123.0",82,28.4,"Car_bet","Alive",10.5,0.706,0.00021491,2.258957614,0.001411006,67.3986233924222,20.2195870177267,87.6182104101489
"317","P82.B43.1",82,7.2,"Til_spe","New Trees",7.5,0.422,1.94295,1.29229,-4.20064,1.86072687556884,0.558218062670651,2.41894493823949
"318","P82.B43.2",82,6.1,"Til_spe","New Trees",6.5,0.422,1.94295,1.29229,-4.20064,1.12065502032037,0.336196506096112,1.45685152641649
"319","P82.B48.1",82,7.5,"Car_bet","New Trees",10.6,0.706,0.00021491,2.258957614,0.001411006,68.8376287138914,20.6512886141674,89.4889173280589
"320","P82.B124.0",82,5.5,"Car_bet","New Trees",8.4,0.706,0.00021491,2.258957614,0.001411006,40.6988551853956,12.2096565556187,52.9085117410142
"321","P82.B125.0",82,6.6,"Til_spe","New Trees",7.9,0.422,1.94295,1.29229,-4.20064,1.6804397259482,0.504131917784461,2.18457164373266
"322","P82.B126.0",82,5.1,"Ace_pla","New Trees",7.3,0.525,1.89756,0.97716,-2.94253,1.99799339805584,0.599398019416751,2.59739141747259
"323","P82.B127.0",82,6.6,"Ace_pse","New Trees",10.6,0.51,1.89756,0.97716,-2.94253,4.55790387546039,1.36737116263812,5.92527503809851
"324","P82.B128.0",82,5.4,"Til_spe","New Trees",4.7,0.422,1.94295,1.29229,-4.20064,0.581628036567975,0.174488410970392,0.756116447538367
"325","P82.B128.1",82,5.5,"Til_spe","New Trees",5.6,0.422,1.94295,1.29229,-4.20064,0.755890921596756,0.226767276479027,0.982658198075782
"326","P82.B129.0",82,6.4,"Til_spe","New Trees",6.5,0.422,1.94295,1.29229,-4.20064,1.23021981690122,0.369065945070365,1.59928576197158
"327","P82.B130.0",82,5.5,"Til_spe","New Trees",5.5,0.422,1.94295,1.29229,-4.20064,0.738493239595154,0.221547971878546,0.9600412114737
"328","P82.B131.0",82,5.3,"Ulm_spe","New Trees",6.2,0.508,1.94295,1.29229,-4.20064,0.965780550421888,0.289734165126567,1.25551471554845
"329","P82.B132.0",82,5.1,"Car_bet","New Trees",8.3,0.706,0.00021491,2.258957614,0.001411006,39.6119178444456,11.8835753533337,51.4954931977793
