"","Tree_ID","PLOTID","DBH24","SP","Status","H24","Wood_Density","a","b","c","Carbon_Above","Carbon_Below","Carbon_Total","G1"
"1","P81.B1.0",81,16.9,"Ulm_spe","2 - zu THS",13.80000019,0.508,1.94295,1.29229,-4.20064,25.8478022708466,7.75434068125398,33.6021429521006,1.205
"2","P81.B2.0",81,7.9,"Ulm_spe","1 - Nein",5.5,0.508,1.94295,1.29229,-4.20064,1.796613483789,0.538984045136699,2.33559752892569,1.205
"3","P81.B3.0",81,9.5,"Car_bet","1 - Nein",10.10000038,0.706,0.00021491,2.258957614,0.001411006,61.7227013085701,18.516810392571,80.2395117011411,0.34264705882353
"4","P81.B4.0",81,11.8,"Ulm_spe","1 - Nein",8,0.508,1.94295,1.29229,-4.20064,6.35790600656546,1.90737180196964,8.2652778085351,1.205
"5","P81.B5.0",81,49.7,"Car_bet","1 - Nein",26.20000076,0.706,0.00021491,2.258957614,0.001411006,531.817280013319,159.545184003996,691.362464017315,0.34264705882353
"6","P81.B6.0",81,35.8,"Car_bet","1 - Nein",21.29999924,0.706,0.00021491,2.258957614,0.001411006,333.121359762968,99.9364079288905,433.057767691859,0.34264705882353
"7","P81.B7.0",81,29.6,"Car_bet","1 - Nein",22.70000076,0.706,0.00021491,2.258957614,0.001411006,384.624118696826,115.387235609048,500.011354305874,0.34264705882353
"8","P81.B8.0",81,27.5,"Car_bet","1 - Nein",18.70000076,0.706,0.00021491,2.258957614,0.001411006,248.233847601252,74.4701542803757,322.704001881628,0.34264705882353
"9","P81.B9.0",81,24.7,"Car_bet","1 - Nein",17.5,0.706,0.00021491,2.258957614,0.001411006,213.690354818205,64.1071064454615,277.797461263666,0.34264705882353
"10","P81.B10.0",81,6.5,"Til_spe","1 - Nein",6,0.422,0.044,2.79,0,31.9315856505731,9.57947569517192,41.511061345745,0.508333333333333
"11","P81.B11.0",81,7.9,"Car_bet","1 - Nein",7.599999905,0.706,0.00021491,2.258957614,0.001411006,32.4660025688642,9.73980077065927,42.2058033395235,0.34264705882353
"12","P81.B12.0",81,11.5,"Til_spe","1 - Nein",5.400000095,0.422,0.044,2.79,0,24.4039218240283,7.32117654720849,31.7250983712368,0.508333333333333
"13","P81.B13.0",81,10.6,"Til_spe","1 - Nein",8.199999809,0.422,0.044,2.79,0,77.9945733826725,23.3983720148017,101.392945397474,0.508333333333333
"14","P81.B14.0",81,9.9,"Til_spe","1 - Nein",8,0.422,0.044,2.79,0,72.5837364849516,21.7751209454855,94.358857430437,0.508333333333333
"15","P81.B15.0",81,112,"Que_rob","1 - Nein",38.90000153,0.56,2.00333,0.85925,-2.86353,4447.28291573094,1334.18487471928,5781.46779045022,0.304861111111111
"16","P81.B16.0",81,13.2,"Ulm_spe","1 - Nein",10.69999981,0.508,1.94295,1.29229,-4.20064,11.5114032967465,3.45342098902395,14.9648242857704,1.205
"17","P81.B17.0",81,85.5,"Que_rob","1 - Nein",38.70000076,0.56,2.00333,0.85925,-2.86353,2577.96453106837,773.389359320512,3351.35389038889,0.304861111111111
"18","P81.B18.0",81,10.2,"Ulm_spe","1 - Nein",8.199999809,0.508,1.94295,1.29229,-4.20064,4.94560004540771,1.48368001362231,6.42928005903002,1.205
"19","P81.B19.0",81,6.8,"Ulm_spe","1 - Nein",8.199999809,0.508,1.94295,1.29229,-4.20064,2.24948178020198,0.674844534060593,2.92432631426257,1.205
"20","P81.B20.0",81,16,"Ulm_spe","1 - Nein",9.899999619,0.508,1.94295,1.29229,-4.20064,15.1300757404461,4.53902272213382,19.6690984625799,1.205
"21","P81.B21.0",81,6.8,"Ulm_spe","1 - Nein",8.300000191,0.508,1.94295,1.29229,-4.20064,2.28499592875905,0.685498778627716,2.97049470738677,1.205
"22","P81.B22.0",81,9.1,"Til_spe","1 - Nein",8.300000191,0.422,0.044,2.79,0,80.1375453706762,24.0412636112029,104.178808981879,0.508333333333333
"23","P81.B23.0",81,5.8,"Ulm_spe","1 - Nein",7.699999809,0.508,1.94295,1.29229,-4.20064,1.52248247818318,0.456744743454953,1.97922722163813,1.205
"24","P81.B24.0",81,111.5,"Que_rob","1 - Nein",40,0.56,2.00333,0.85925,-2.86353,4514.48084662852,1354.34425398855,5868.82510061707,0.304861111111111
"25","P81.B25.0",81,8.5,"Ulm_spe","1 - Nein",7.900000095,0.508,1.94295,1.29229,-4.20064,3.30716467174418,0.992149401523255,4.29931407326744,1.205
"26","P81.B26.1",81,17.6,"Ulm_spe","1 - Nein",10.80000019,0.508,1.94295,1.29229,-4.20064,20.3750569141333,6.11251707424,26.4875739883733,1.205
"27","P81.B26.2",81,7.9,"Ulm_spe","1 - Nein",7.900000095,0.508,1.94295,1.29229,-4.20064,2.8687049007046,0.86061147021138,3.72931637091598,1.205
"28","P81.B27.0",81,13.8,"Ulm_spe","1 - Nein",12,0.508,1.94295,1.29229,-4.20064,14.5542557159007,4.36627671477022,18.920532430671,1.205
"29","P81.B28.0",81,7,"Ulm_spe","4 - zu THL",11.19999981,0.508,1.94295,1.29229,-4.20064,3.56060652685138,1.06818195805541,4.62878848490679,1.205
"30","P81.B29.0",81,0,"Fra_exc","4 - zu THL",31.70000076,0.56,1.95277,0.77206,-2.48079,0,0,0,0.0562499999999999
"31","P81.B30.0",81,9.4,"Ulm_spe","5 - BAUM Neu",7.3,0.508,1.94295,1.29229,-4.20064,3.6311907198023,1.08935721594069,4.72054793574299,1.205
"32","P81.B32.0",81,16,"Ulm_spe","1 - Nein",10.39999962,0.508,1.94295,1.29229,-4.20064,16.1247767915565,4.83743303746694,20.9622098290234,1.205
"33","P81.B33.0",81,0,"Ulm_spe","2 - zu THS",6.400000095,0.508,1.94295,1.29229,-4.20064,0,0,0,1.205
"34","P81.B34.0",81,20,"Ulm_spe","1 - Nein",11.30000019,0.508,1.94295,1.29229,-4.20064,27.6927304844833,8.307819145345,36.0005496298283,1.205
"35","P81.B35.0",81,8,"Ulm_spe","1 - Nein",3,0.508,1.94295,1.29229,-4.20064,0.84117143114741,0.252351429344223,1.09352286049163,1.205
"36","P81.B36.0",81,6.1,"Ulm_spe","1 - Nein",5.099999905,0.508,1.94295,1.29229,-4.20064,0.98602801233898,0.295808403701694,1.28183641604067,1.205
"37","P81.B38.0",81,12,"Til_spe","1 - Nein",6.699999809,0.422,0.044,2.79,0,44.6316506191647,13.3894951857494,58.0211458049141,0.508333333333333
"38","P81.B39.0",81,29,"Ulm_spe","1 - Nein",13.10000038,0.508,1.94295,1.29229,-4.20064,69.0003870258036,20.7001161077411,89.7005031335447,1.205
"39","P81.B40.0",81,12.1,"Ulm_spe","1 - Nein",3.400000095,0.508,1.94295,1.29229,-4.20064,2.20937552359756,0.662812657079267,2.87218818067682,1.205
"40","P81.B41.0",81,13.5,"Ace_pse","1 - Nein",12.30000019,0.51,1.89756,0.97716,-2.94253,20.4942166619203,6.14826499857608,26.6424816604963,0.2875
"41","P81.B42.0",81,10.2,"Ace_pse","1 - Nein",11.5,0.51,1.89756,0.97716,-2.94253,11.2744232834451,3.38232698503353,14.6567502684786,0.2875
"42","P81.B43.0",81,16.3,"Ulm_spe","1 - Nein",12.5,0.508,1.94295,1.29229,-4.20064,21.2027671752854,6.36083015258562,27.563597327871,1.205
"43","P81.B44.0",81,0,"Ulm_spe","2 - zu THS",11.10000038,0.508,1.94295,1.29229,-4.20064,0,0,0,1.205
"44","P81.B45.0",81,7.6,"Til_spe","1 - Nein",8.100000381,0.422,0.044,2.79,0,74.2744366726146,22.2823310017844,96.556767674399,0.508333333333333
"45","P81.B46.0",81,13.1,"Til_spe","1 - Nein",10.10000038,0.422,0.044,2.79,0,140.807868501907,42.2423605505722,183.050229052479,0.508333333333333
"46","P81.B47.1",81,20.5,"Ulm_spe","1 - Nein",15.39999962,0.508,1.94295,1.29229,-4.20064,43.345109116496,13.0035327349488,56.3486418514447,1.205
"47","P81.B47.2",81,6.6,"Ulm_spe","1 - Nein",5,0.508,1.94295,1.29229,-4.20064,1.12008668402757,0.33602600520827,1.45611268923584,1.205
"48","P81.B48.1",81,0,"Ulm_spe","2 - zu THS",12.5,0.508,1.94295,1.29229,-4.20064,0,0,0,1.205
"49","P81.B48.2",81,0,"Ulm_spe","2 - zu THS",9,0.508,1.94295,1.29229,-4.20064,0,0,0,1.205
"50","P81.B49.0",81,8,"Til_spe","1 - Nein",7.800000191,0.422,0.044,2.79,0,67.0023815270806,20.1007144581242,87.1030959852047,0.508333333333333
"51","P81.B50.0",81,7,"Car_bet","1 - Nein",8.5,0.706,0.00021491,2.258957614,0.001411006,41.8037199787091,12.5411159936127,54.3448359723218,0.34264705882353
"52","P81.B51.0",81,34.9,"Que_rob","1 - Nein",31.79999924,0.56,2.00333,0.85925,-2.86353,361.759182589947,108.527754776984,470.286937366931,0.304861111111111
"53","P81.B52.0",81,7.4,"Til_spe","1 - Nein",7.5,0.422,0.044,2.79,0,59.8518294086861,17.9555488226058,77.807378231292,0.508333333333333
"54","P81.B53.0",81,0,"Ace_pse","2 - zu THS",8.899999619,0.51,1.89756,0.97716,-2.94253,0,0,0,0.2875
"55","P81.B54.0",81,13.6,"Til_spe","1 - Nein",6.5,0.422,0.044,2.79,0,41.2395849653336,12.3718754896001,53.6114604549337,0.508333333333333
"56","P81.B55.0",81,12.4,"Ace_pse","1 - Nein",11.30000019,0.51,1.89756,0.97716,-2.94253,16.0547254839619,4.81641764518856,20.8711431291504,0.2875
"57","P81.B56.0",81,8.5,"Ace_pse","1 - Nein",9.5,0.51,1.89756,0.97716,-2.94253,6.61856848473254,1.98557054541976,8.6041390301523,0.2875
"58","P81.B57.0",81,12.6,"Ulm_spe","1 - Nein",10.60000038,0.508,1.94295,1.29229,-4.20064,10.3897305629272,3.11691916887815,13.5066497318053,1.205
"59","P81.B58.0",81,11.8,"Ulm_spe","1 - Nein",10.5,0.508,1.94295,1.29229,-4.20064,9.03509374788753,2.71052812436626,11.7456218722538,1.205
"60","P81.B59.0",81,0,"Ulm_spe","4 - zu THL",8.899999619,0.508,1.94295,1.29229,-4.20064,0,0,0,1.205
"61","P81.B60.0",81,8.1,"Til_spe","1 - Nein",7.400000095,0.422,0.044,2.79,0,57.8815514438497,17.3644654331549,75.2460168770046,0.508333333333333
"62","P81.B61.0",81,9.4,"Til_spe","1 - Nein",7.599999905,0.422,0.044,2.79,0,62.7621542306433,18.828646269193,81.5908004998363,0.508333333333333
"63","P81.B62.0",81,33.7,"Que_rob","1 - Nein",31,0.56,2.00333,0.85925,-2.86353,329.966577305195,98.9899731915586,428.956550496754,0.304861111111111
"64","P81.B63.0",81,11.4,"Ace_pla","1 - Nein",11.80000019,0.525,1.89756,0.97716,-2.94253,14.6985068223107,4.40955204669322,19.1080588690039,0.491666666666667
"65","P81.B64.0",81,36.8,"Til_spe","1 - Nein",28.10000038,0.422,0.044,2.79,0,2559.75418577295,767.926255731885,3327.68044150483,0.508333333333333
"66","P81.B65.0",81,51.9,"Que_rob","1 - Nein",33.09999847,0.56,2.00333,0.85925,-2.86353,829.142194330656,248.742658299197,1077.88485262985,0.304861111111111
"67","P81.B66.0",81,29.9,"Til_spe","1 - Nein",26.70000076,0.422,0.044,2.79,0,2199.41050421762,659.823151265286,2859.2336554829,0.508333333333333
"68","P81.B67.0",81,44.1,"Que_rob","1 - Nein",29.79999924,0.56,2.00333,0.85925,-2.86353,546.69371613517,164.008114840551,710.701830975721,0.304861111111111
"69","P81.B68.0",81,6.1,"Til_spe","1 - Nein",6.699999809,0.422,0.044,2.79,0,43.3224976296984,12.9967492889095,56.3192469186079,0.508333333333333
"70","P81.B69.0",81,6.9,"Til_spe","1 - Nein",16.20000076,0.422,0.044,2.79,0,511.524708209655,153.457412462897,664.982120672552,0.508333333333333
"71","P81.B70.0",81,6.5,"Til_spe","1 - Nein",6.099999905,0.422,0.044,2.79,0,33.4386485992771,10.0315945797831,43.4702431790603,0.508333333333333
"72","P81.B71.0",81,31.2,"Que_rob","1 - Nein",31.29999924,0.56,2.00333,0.85925,-2.86353,285.103003798041,85.5309011394122,370.633904937453,0.304861111111111
"73","P81.B72.0",81,9.3,"Til_spe","1 - Nein",9.199999809,0.422,0.044,2.79,0,106.903413258439,32.0710239775317,138.974437235971,0.508333333333333
"74","P81.B73.0",81,6.1,"Til_spe","1 - Nein",5.699999809,0.422,0.044,2.79,0,27.5966031541334,8.27898094624003,35.8755841003734,0.508333333333333
"75","P81.B74.0",81,9,"Til_spe","1 - Nein",8.300000191,0.422,0.044,2.79,0,80.0985925437907,24.0295777631372,104.128170306928,0.508333333333333
"76","P81.B75.0",81,9.2,"Til_spe","1 - Nein",8.899999619,0.422,0.044,2.79,0,97.4125786671311,29.2237736001393,126.63635226727,0.508333333333333
"77","P81.B76.0",81,24.5,"Que_rob","1 - Nein",27.89999962,0.56,2.00333,0.85925,-2.86353,159.134412656764,47.7403237970293,206.874736453794,0.304861111111111
"78","P81.B77.0",81,9.2,"Ulm_spe","1 - Nein",9.100000381,0.508,1.94295,1.29229,-4.20064,4.63018113618987,1.38905434085696,6.01923547704683,1.205
"79","P81.B78.0",81,11.2,"Til_spe","1 - Nein",11.19999981,0.422,0.044,2.79,0,186.592491877855,55.9777475633566,242.570239441212,0.508333333333333
"80","P81.B79.0",81,5,"Til_spe","1 - Nein",5.300000191,0.422,0.044,2.79,0,22.3303077759123,6.6990923327737,29.0294001086861,0.508333333333333
"81","P81.B80.0",81,8.1,"Til_spe","1 - Nein",7.300000191,0.422,0.044,2.79,0,55.7255625225859,16.7176687567758,72.4432312793617,0.508333333333333
"82","P81.B81.0",81,51.5,"Que_rob","1 - Nein",32.90000153,0.56,2.00333,0.85925,-2.86353,812.149490141807,243.644847042542,1055.79433718435,0.304861111111111
"83","P81.B82.0",81,8.8,"Til_spe","1 - Nein",10.10000038,0.422,0.044,2.79,0,138.364355635297,41.5093066905891,179.873662325886,0.508333333333333
"84","P81.B83.0",81,6.5,"Til_spe","1 - Nein",7.599999905,0.422,0.044,2.79,0,61.7516268944585,18.5254880683375,80.277114962796,0.508333333333333
"85","P81.B84.0",81,9.1,"Til_spe","1 - Nein",6.5,0.422,0.044,2.79,0,40.5169173210558,12.1550751963168,52.6719925173726,0.508333333333333
"86","P81.B85.0",81,8.8,"Til_spe","1 - Nein",9.899999619,0.422,0.044,2.79,0,130.854810473897,39.256443142169,170.111253616066,0.508333333333333
"87","P81.B86.0",81,15.2,"Til_spe","1 - Nein",11.60000038,0.422,0.044,2.79,0,208.56875868322,62.570627604966,271.139386288186,0.508333333333333
"88","P81.B87.0",81,7,"Til_spe","1 - Nein",10.19999981,0.422,0.044,2.79,0,140.795598836714,42.2386796510141,183.034278487728,0.508333333333333
"89","P81.B88.0",81,6.3,"Til_spe","1 - Nein",5.699999809,0.422,0.044,2.79,0,27.635803739064,8.29074112171921,35.9265448607832,0.508333333333333
"90","P81.B89.0",81,6.5,"Til_spe","1 - Nein",7.300000191,0.422,0.044,2.79,0,55.1885912080923,16.5565773624277,71.74516857052,0.508333333333333
"91","P81.B90.0",81,9.8,"Til_spe","1 - Nein",9.699999809,0.422,0.044,2.79,0,124.198791773394,37.2596375320181,161.458429305412,0.508333333333333
"92","P81.B91.0",81,6.3,"Til_spe","1 - Nein",3.700000048,0.422,0.044,2.79,0,8.27683159589023,2.48304947876707,10.7598810746573,0.508333333333333
"93","P81.B92.0",81,8.8,"Til_spe","1 - Nein",8.5,0.422,0.044,2.79,0,85.515797304879,25.6547391914637,111.170536496343,0.508333333333333
"94","P81.B93.0",81,12.5,"Ulm_spe","1 - Nein",10.10000038,0.508,1.94295,1.29229,-4.20064,9.61086765206117,2.88326029561835,12.4941279476795,1.205
"95","P81.B94.0",81,70.6,"Que_rob","1 - Nein",33.79999924,0.56,2.00333,0.85925,-2.86353,1563.71713545839,469.115140637517,2032.83227609591,0.304861111111111
"96","P81.B95.0",81,7.6,"Til_spe","1 - Nein",7.199999809,0.422,0.044,2.79,0,53.4716690003946,16.0415007001184,69.513169700513,0.508333333333333
"97","P81.B96.0",81,18,"Til_spe","1 - Nein",12.69999981,0.422,0.044,2.79,0,270.554438154957,81.1663314464872,351.720769601445,0.508333333333333
"98","P81.B97.0",81,6.5,"Ulm_spe","1 - Nein",8.800000191,0.508,1.94295,1.29229,-4.20064,2.25757573548664,0.677272720645992,2.93484845613263,1.205
"99","P81.B98.0",81,6.9,"Ulm_spe","1 - Nein",9.100000381,0.508,1.94295,1.29229,-4.20064,2.64757494769941,0.794272484309824,3.44184743200924,1.205
"100","P81.B99.0",81,8.2,"Car_bet","1 - Nein",8.399999619,0.706,0.00021491,2.258957614,0.001411006,40.7023444314829,12.2107033294449,52.9130477609278,0.34264705882353
"101","P81.B100.0",81,8.9,"Til_spe","1 - Nein",2.099999905,0.422,0.044,2.79,0,1.73051451625584,0.519154354876751,2.24966887113259,0.508333333333333
"102","P81.B101.0",81,6.4,"Car_bet","1 - Nein",4.699999809,0.706,0.00021491,2.258957614,0.001411006,10.9629931036893,3.2888979311068,14.2518910347961,0.34264705882353
"103","P81.B102.0",81,14.2,"Til_spe","1 - Nein",11.80000019,0.422,0.044,2.79,0,218.103088697478,65.4309266092435,283.534015306722,0.508333333333333
"104","P81.B103.0",81,13.5,"Til_spe","1 - Nein",12,0.422,0.044,2.79,0,228.066065932679,68.4198197798036,296.485885712482,0.508333333333333
"105","P81.B104.0",81,6.1,"Car_bet","1 - Nein",7.300000191,0.706,0.00021491,2.258957614,0.001411006,29.641071585036,8.89232147551079,38.5333930605467,0.34264705882353
"106","P81.B105.0",81,11.6,"Ulm_spe","1 - Nein",10.30000019,0.508,1.94295,1.29229,-4.20064,8.5254021741312,2.55762065223936,11.0830228263706,1.205
"107","P81.B106.0",81,21.5,"Car_bet","1 - Nein",18.29999924,0.706,0.00021491,2.258957614,0.001411006,236.387858436584,70.9163575309752,307.304215967559,0.34264705882353
"108","P81.B107.0",81,26.9,"Car_bet","1 - Nein",22.89999962,0.706,0.00021491,2.258957614,0.001411006,392.313560075738,117.694068022721,510.007628098459,0.34264705882353
"109","P81.B108.0",81,38.5,"Car_bet","1 - Nein",25.20000076,0.706,0.00021491,2.258957614,0.001411006,487.035405624773,146.110621687432,633.146027312205,0.34264705882353
"110","P81.B109.0",81,30.3,"Car_bet","1 - Nein",23.29999924,0.706,0.00021491,2.258957614,0.001411006,407.974261351919,122.392278405576,530.366539757494,0.34264705882353
"111","P81.B110.0",81,28.2,"Car_bet","1 - Nein",24.89999962,0.706,0.00021491,2.258957614,0.001411006,474.00416192964,142.201248578892,616.205410508532,0.34264705882353
"112","P81.B111.0",81,35.5,"Car_bet","1 - Nein",25.29999924,0.706,0.00021491,2.258957614,0.001411006,491.403523176959,147.421056953088,638.824580130046,0.34264705882353
"113","P81.B112.0",81,28.7,"Car_bet","1 - Nein",16.29999924,0.706,0.00021491,2.258957614,0.001411006,182.015778412417,54.6047335237251,236.620511936142,0.34264705882353
"114","P81.B113.0",81,41,"Que_rob","1 - Nein",29.10000038,0.56,2.00333,0.85925,-2.86353,462.869907018286,138.860972105486,601.730879123771,0.304861111111111
"115","P81.B114.0",81,27.5,"Que_rob","1 - Nein",25.39999962,0.56,2.00333,0.85925,-2.86353,185.025820227214,55.5077460681642,240.533566295378,0.304861111111111
"116","P81.B115.0",81,32.3,"Que_rob","1 - Nein",25.79999924,0.56,2.00333,0.85925,-2.86353,258.84245937771,77.6527378133129,336.495197191022,0.304861111111111
"117","P81.B116.0",81,42.6,"Que_rob","1 - Nein",28.89999962,0.56,2.00333,0.85925,-2.86353,496.812147092907,149.043644127872,645.855791220779,0.304861111111111
"118","P81.B117.0",81,45.9,"Que_rob","1 - Nein",31.20000076,0.56,2.00333,0.85925,-2.86353,616.14390751325,184.843172253975,800.987079767225,0.304861111111111
"119","P81.B119.0",81,5.5,"Fra_exc","1 - Nein",8.800000191,0.56,1.95277,0.77206,-2.48079,3.29494238888259,0.988482716664778,4.28342510554737,0.0562499999999999
"120","P81.B120.0",81,9.3,"Ulm_spe","1 - Nein",9.399999619,0.508,1.94295,1.29229,-4.20064,4.93087637073429,1.47926291122029,6.41013928195458,1.205
"121","P81.B122.0",81,39.1,"Que_rob","1 - Nein",29.5,0.56,2.00333,0.85925,-2.86353,425.863714489916,127.759114346975,553.622828836891,0.304861111111111
"122","P81.B123.0",81,13.5,"Til_spe","1 - Nein",11.89999962,0.422,0.044,2.79,0,222.802971306816,66.8408913920447,289.64386269886,0.508333333333333
"123","P81.B124.0",81,7.3,"Ulm_spe","1 - Nein",8.300000191,0.508,1.94295,1.29229,-4.20064,2.62274090536202,0.786822271608605,3.40956317697062,1.205
"124","P81.B125.0",81,8.1,"Car_bet","1 - Nein",6.599999905,0.706,0.00021491,2.258957614,0.001411006,23.6061733878019,7.08185201634057,30.6880254041425,0.34264705882353
"125","P81.B126.0",81,40.6,"Que_rob","1 - Nein",29.10000038,0.56,2.00333,0.85925,-2.86353,453.867537899799,136.16026136994,590.027799269739,0.304861111111111
"126","P81.B127.0",81,10.5,"Ulm_spe","1 - Nein",6.300000191,0.508,1.94295,1.29229,-4.20064,3.72174284446333,1.116522853339,4.83826569780233,1.205
"127","P81.B128.0",81,20.3,"Til_spe","1 - Nein",12.69999981,0.422,0.044,2.79,0,271.989724983867,81.5969174951601,353.586642479027,0.508333333333333
"128","P81.B129.0",81,0,"Que_rob","4 - zu THL",24.10000038,0.56,2.00333,0.85925,-2.86353,0,0,0,0.304861111111111
"129","P81.B130.0",81,13.1,"Til_spe","1 - Nein",10.19999981,0.422,0.044,2.79,0,144.732046336679,43.4196139010038,188.151660237683,0.508333333333333
"130","P81.B131.1",81,9.4,"Til_spe","1 - Nein",6.599999905,0.422,0.044,2.79,0,42.3404527033308,12.7021358109992,55.0425885143301,0.508333333333333
"131","P81.B131.2",81,9.4,"Til_spe","1 - Nein",6.5,0.422,0.044,2.79,0,40.574782407358,12.1724347222074,52.7472171295654,0.508333333333333
"132","P81.B132.0",81,37.6,"Que_rob","1 - Nein",21.60000038,0.56,2.00333,0.85925,-2.86353,301.245844498075,90.3737533494224,391.619597847497,0.304861111111111
"133","P81.B133.0",81,10.6,"Til_spe","1 - Nein",6.599999905,0.422,0.044,2.79,0,42.5648717999577,12.7694615399873,55.334333339945,0.508333333333333
"134","P81.B134.0",81,7.5,"Til_spe","1 - Nein",7.199999809,0.422,0.044,2.79,0,53.4405153265539,16.0321545979662,69.47266992452,0.508333333333333
"135","P81.B135.0",81,11.3,"Til_spe","1 - Nein",9.899999619,0.422,0.044,2.79,0,132.302456124132,39.6907368372394,171.993192961371,0.508333333333333
"136","P81.B136.0",81,11.4,"Til_spe","1 - Nein",9.600000381,0.422,0.044,2.79,0,121.464931790791,36.4394795372374,157.904411328029,0.508333333333333
"137","P81.B137.0",81,25.3,"Que_rob","1 - Nein",24.20000076,0.56,2.00333,0.85925,-2.86353,150.185292876756,45.0555878630269,195.240880739783,0.304861111111111
"138","P81.B138.0",81,17.5,"Ulm_spe","1 - Nein",10.60000038,0.508,1.94295,1.29229,-4.20064,19.6698075683761,5.90094227051283,25.5707498388889,1.205
"139","P81.B139.0",81,31.8,"Que_rob","1 - Nein",26.20000076,0.56,2.00333,0.85925,-2.86353,254.216259827496,76.2648779482488,330.481137775745,0.304861111111111
"140","P81.B140.0",81,12.5,"Til_spe","1 - Nein",13,0.422,0.044,2.79,0,284.168740509362,85.2506221528087,369.419362662171,0.508333333333333
"141","P81.B141.0",81,6.4,"Til_spe","1 - Nein",4.800000191,0.422,0.044,2.79,0,17.121638695882,5.13649160876459,22.2581303046466,0.508333333333333
"142","P81.B142.0",81,7.4,"Ace_pse","1 - Nein",11.19999981,0.51,1.89756,0.97716,-2.94253,5.97608423144255,1.79282526943276,7.76890950087531,0.2875
"143","P81.B143.0",81,47.7,"Que_rob","1 - Nein",30.79999924,0.56,2.00333,0.85925,-2.86353,658.163850980829,197.449155294249,855.613006275078,0.304861111111111
"144","P81.B145.1",81,8.1,"Til_spe","1 - Nein",6.699999809,0.422,0.044,2.79,0,43.8664323481482,13.1599297044445,57.0263620525927,0.508333333333333
"145","P81.B145.2",81,8.2,"Til_spe","1 - Nein",5.900000095,0.422,0.044,2.79,0,30.7818877682097,9.23456633046291,40.0164540986726,0.508333333333333
"146","P81.B146.0",81,30.7,"Que_rob","1 - Nein",23.79999924,0.56,2.00333,0.85925,-2.86353,218.13395183678,65.440185551034,283.574137387814,0.304861111111111
"147","P81.B147.0",81,8.9,"Til_spe","1 - Nein",3.299999952,0.422,0.044,2.79,0,6.10713251825426,1.83213975547628,7.93927227373054,0.508333333333333
"148","P81.B148.0",81,45.8,"Car_bet","1 - Nein",25.39999962,0.706,0.00021491,2.258957614,0.001411006,495.8291934511,148.74875803533,644.57795148643,0.34264705882353
"149","P81.B149.0",81,7.2,"Ace_pse","1 - Nein",8.399999619,0.51,1.89756,0.97716,-2.94253,4.28303942489568,1.2849118274687,5.56795125236439,0.2875
"150","P81.B150.0",81,48.4,"Que_rob","1 - Nein",28.20000076,0.56,2.00333,0.85925,-2.86353,628.200708543963,188.460212563189,816.660921107152,0.304861111111111
"151","P81.B151.0",81,7.9,"Til_spe","1 - Nein",7.300000191,0.422,0.044,2.79,0,55.6642949160187,16.6992884748056,72.3635833908243,0.508333333333333
"152","P81.B152.0",81,48.2,"Que_rob","1 - Nein",31.60000038,0.56,2.00333,0.85925,-2.86353,687.02946063579,206.108838190737,893.138298826527,0.304861111111111
"153","P81.B153.0",81,33.9,"Que_rob","1 - Nein",28.89999962,0.56,2.00333,0.85925,-2.86353,314.370680420699,94.3112041262097,408.681884546909,0.304861111111111
"154","P81.B154.0",81,0,"Til_spe","4 - zu THL",11,0.422,0.044,2.79,0,0,0,0,0.508333333333333
"155","P81.B155.0",81,12.2,"Til_spe","1 - Nein",10.39999962,0.422,0.044,2.79,0,152.311646820216,45.6934940460647,198.00514086628,0.508333333333333
"156","P81.B156.0",81,9.7,"Ace_pse","1 - Nein",10.39999962,0.51,1.89756,0.97716,-2.94253,9.2897996240194,2.78693988720582,12.0767395112252,0.2875
"157","P81.B157.0",81,0,"Ulm_spe","2 - zu THS",14,0.508,1.94295,1.29229,-4.20064,0,0,0,1.205
"158","P81.B158.0",81,0,"Ulm_spe","4 - zu THL",10.5,0.508,1.94295,1.29229,-4.20064,0,0,0,1.205
"159","P81.B159.0",81,7.2,"Ulm_spe","1 - Nein",6.900000095,0.508,1.94295,1.29229,-4.20064,2.01111669333047,0.60333500799914,2.61445170132961,1.205
"160","P81.B160.0",81,31.5,"Que_rob","1 - Nein",25.89999962,0.56,2.00333,0.85925,-2.86353,246.978361842313,74.0935085526938,321.071870395006,0.304861111111111
"161","P81.B162.0",81,9,"Til_spe","1 - Nein",7.699999809,0.422,0.044,2.79,0,64.9689835911586,19.4906950773476,84.4596786685062,0.508333333333333
"162","P81.B163.0",81,8.1,"Car_bet","1 - Nein",9.600000381,0.706,0.00021491,2.258957614,0.001411006,55.032559707389,16.5097679122167,71.5423276196057,0.34264705882353
"163","P81.B5.1",81,6.3,"Car_bet","5 - BAUM Neu",4.1,0.706,0.00021491,2.258957614,0.001411006,8.05266989383325,2.41580096814998,10.4684708619832,0.34264705882353
"164","P81.B31.0",81,7.9,"Ulm_spe","5 - BAUM Neu",8.3,0.508,1.94295,1.29229,-4.20064,3.05778385154443,0.917335155463328,3.97511900700776,1.205
"165","P81.B34.1",81,5.1,"Ulm_spe","5 - BAUM Neu",5.2,0.508,1.94295,1.29229,-4.20064,0.714009898172161,0.214202969451648,0.92821286762381,1.205
"166","P81.B37.0",81,28.9,"Ulm_spe","5 - BAUM Neu",17.4,0.508,1.94295,1.29229,-4.20064,98.9116961824211,29.6735088547263,128.585205037147,1.205
"167","P81.B147.1",81,6.7,"Til_spe","5 - BAUM Neu",5.3,0.422,0.044,2.79,0,22.6197226942158,6.78591680826473,29.4056395024805,0.508333333333333
"168","P81.B164.0",81,5.2,"Til_spe","5 - BAUM Neu",3.5,0.422,0.044,2.79,0,7.02852671266682,2.10855801380005,9.13708472646687,0.508333333333333
"169","P81.B165.0",81,7,"Til_spe","5 - BAUM Neu",9.9,0.422,0.044,2.79,0,129.5438546498,38.8631563949398,168.407011044739,0.508333333333333
"170","P81.B166.0",81,6.4,"Car_bet","5 - BAUM Neu",9.7,0.706,0.00021491,2.258957614,0.001411006,56.3331620812195,16.8999486243658,73.2331107055853,0.34264705882353
"171","P81.B167.0",81,6.5,"Car_bet","5 - BAUM Neu",9.4,0.706,0.00021491,2.258957614,0.001411006,52.4740552950816,15.7422165885245,68.2162718836061,0.34264705882353
"172","P81.B168.0",81,5.2,"Ace_pse","5 - BAUM Neu",7.4,0.51,1.89756,0.97716,-2.94253,2.04070986635984,0.612212959907951,2.65292282626779,0.2875
"173","P81.B169.0",81,5.9,"Ulm_spe","5 - BAUM Neu",6.9,0.508,1.94295,1.29229,-4.20064,1.3658720095758,0.409761602872739,1.77563361244854,1.205
"174","P81.B169.1",81,5.8,"Til_spe","5 - BAUM Neu",5.1,0.422,0.044,2.79,0,20.1893311703034,6.05679935109103,26.2461305213945,0.508333333333333
"175","P81.B171.0",81,8,"Ulm_spe","5 - BAUM Neu",10,0.508,1.94295,1.29229,-4.20064,3.98653414288429,1.19596024286529,5.18249438574958,1.205
"176","P81.B172.0",81,5.4,"Ulm_spe","5 - BAUM Neu",6.2,0.508,1.94295,1.29229,-4.20064,1.00150036019805,0.300450108059415,1.30195046825747,1.205
"177","P81.B173.0",81,6.3,"Ulm_spe","5 - BAUM Neu",8,0.508,1.94295,1.29229,-4.20064,1.87836366040014,0.563509098120041,2.44187275852018,1.205
"178","P81.B174.0",81,6.5,"Ulm_spe","5 - BAUM Neu",7.1,0.508,1.94295,1.29229,-4.20064,1.71068266886565,0.513204800659695,2.22388746952535,1.205
"179","P81.B175.0",81,8.6,"Ulm_spe","5 - BAUM Neu",9.8,0.508,1.94295,1.29229,-4.20064,4.46973843086007,1.34092152925802,5.8106599601181,1.205
"180","P81.B175.1",81,6.4,"Ulm_spe","5 - BAUM Neu",8.3,0.508,1.94295,1.29229,-4.20064,2.03109204969727,0.60932761490918,2.64041966460645,1.205
"181","P81.B177.0",81,6.8,"Til_spe","5 - BAUM Neu",7.8,0.422,0.044,2.79,0,66.5249631357585,19.9574889407275,86.482452076486,0.508333333333333
"182","P81.B178.0",81,6.5,"Til_spe","5 - BAUM Neu",7.2,0.422,0.044,2.79,0,53.1050915205676,15.9315274561703,69.0366189767379,0.508333333333333
"183","P81.B179.0",81,7.1,"Til_spe","5 - BAUM Neu",6.5,0.422,0.044,2.79,0,40.0768834223315,12.0230650266994,52.0999484490309,0.508333333333333
"184","P81.B180.0",81,5.7,"Til_spe","5 - BAUM Neu",9.5,0.422,0.044,2.79,0,114.424141133892,34.3272423401677,148.75138347406,0.508333333333333
"185","P81.B181.0",81,6.5,"Car_bet","5 - BAUM Neu",7.5,0.706,0.00021491,2.258957614,0.001411006,31.507675063559,9.45230251906769,40.9599775826266,0.34264705882353
"186","P81.B182.0",81,7.2,"Til_spe","5 - BAUM Neu",6.3,0.422,0.044,2.79,0,36.7530234528192,11.0259070358458,47.778930488665,0.508333333333333
"187","P81.B183.0",81,5.6,"Til_spe","5 - BAUM Neu",5.2,0.422,0.044,2.79,0,21.2804060686598,6.38412182059795,27.6645278892578,0.508333333333333
"188","P81.B184.0",81,6.5,"Ulm_spe","5 - BAUM Neu",7.7,0.508,1.94295,1.29229,-4.20064,1.8997650919466,0.569929527583981,2.46969461953059,1.205
"189","P81.B185.0",81,5.5,"Til_spe","5 - BAUM Neu",7.5,0.422,0.044,2.79,0,59.0754708930898,17.722641267927,76.7981121610168,0.508333333333333
"190","P81.B186.0",81,5.8,"Car_bet","5 - BAUM Neu",6.9,0.706,0.00021491,2.258957614,0.001411006,26.0978036859239,7.82934110577718,33.9271447917011,0.34264705882353
"191","P81.B187.0",81,5.5,"Ulm_spe","5 - BAUM Neu",7.3,0.508,1.94295,1.29229,-4.20064,1.28173423435107,0.384520270305321,1.66625450465639,1.205
"192","P81.B188.0",81,7.3,"Til_spe","5 - BAUM Neu",6.9,0.422,0.044,2.79,0,47.4007788721345,14.2202336616403,61.6210125337748,0.508333333333333
"193","P82.B1.0",82,8.1,"Til_spe","1 - Nein",9.100000381,0.422,0.044,2.79,0,103.064520014968,30.9193560044903,133.983876019458,0.508333333333333
"194","P82.B2.0",82,9.9,"Til_spe","1 - Nein",9.399999619,0.422,0.044,2.79,0,113.826903040724,34.1480709122171,147.974973952941,0.508333333333333
"195","P82.B3.0",82,7.5,"Ace_pse","1 - Nein",6.699999809,0.51,1.89756,0.97716,-2.94253,3.71049614972001,1.113148844916,4.82364499463602,0.2875
"196","P82.B4.0",82,9.1,"Til_spe","1 - Nein",6.800000191,0.422,0.044,2.79,0,45.9523822256942,13.7857146677083,59.7380968934025,0.508333333333333
"197","P82.B5.0",82,10.7,"Til_spe","1 - Nein",8.800000191,0.422,0.044,2.79,0,95.0188733676655,28.5056620102996,123.524535377965,0.508333333333333
"198","P82.B6.0",82,13.9,"Ace_pse","1 - Nein",8.399999619,0.51,1.89756,0.97716,-2.94253,14.9228366293379,4.47685098880136,19.3996876181392,0.2875
"199","P82.B7.0",82,8.2,"Ace_pse","1 - Nein",10.80000019,0.51,1.89756,0.97716,-2.94253,7.00778017803496,2.10233405341049,9.11011423144545,0.2875
"200","P82.B8.0",82,39.7,"Que_rob","1 - Nein",31.39999962,0.56,2.00333,0.85925,-2.86353,463.246758064077,138.974027419223,602.220785483301,0.304861111111111
"201","P82.B9.0",82,10.5,"Til_spe","1 - Nein",7.900000095,0.422,0.044,2.79,0,70.2622798147492,21.0786839444248,91.340963759174,0.508333333333333
"202","P82.B10.0",82,10.2,"Ace_pse","1 - Nein",12.69999981,0.51,1.89756,0.97716,-2.94253,12.4226906842629,3.72680720527887,16.1494978895418,0.2875
"203","P82.B11.0",82,41.1,"Que_rob","1 - Nein",30,0.56,2.00333,0.85925,-2.86353,477.46856281234,143.240568843702,620.709131656042,0.304861111111111
"204","P82.B12.0",82,34,"Que_rob","1 - Nein",24.5,0.56,2.00333,0.85925,-2.86353,274.390596652036,82.3171789956109,356.707775647647,0.304861111111111
"205","P82.B13.0",82,31.6,"Que_rob","1 - Nein",25.10000038,0.56,2.00333,0.85925,-2.86353,241.940392702096,72.5821178106288,314.522510512725,0.304861111111111
"206","P82.B14.0",82,32.3,"Que_rob","1 - Nein",24.29999924,0.56,2.00333,0.85925,-2.86353,245.857507908128,73.7572523724385,319.614760280567,0.304861111111111
"207","P82.B15.0",82,24.5,"Ace_pla","1 - Nein",21.60000038,0.525,1.89756,0.97716,-2.94253,113.327014938383,33.9981044815149,147.325119419898,0.491666666666667
"208","P82.B16.0",82,30.7,"Que_rob","1 - Nein",25.79999924,0.56,2.00333,0.85925,-2.86353,233.7942093448,70.1382628034399,303.93247214824,0.304861111111111
"209","P82.B17.0",82,40.1,"Que_rob","1 - Nein",28.10000038,0.56,2.00333,0.85925,-2.86353,429.634089761203,128.890226928361,558.524316689563,0.304861111111111
"210","P82.B18.0",82,54.9,"Fra_exc","1 - Nein",34.40000153,0.56,1.95277,0.77206,-2.48079,843.708627983099,253.11258839493,1096.82121637803,0.0562499999999999
"211","P82.B19.0",82,6.1,"Ace_pse","1 - Nein",5.900000095,0.51,1.89756,0.97716,-2.94253,2.21411274807864,0.664233824423592,2.87834657250223,0.2875
"212","P82.B20.0",82,49.2,"Car_bet","1 - Nein",30.10000038,0.706,0.00021491,2.258957614,0.001411006,727.60894036452,218.282682109356,945.891622473877,0.34264705882353
"213","P82.B21.0",82,27.2,"Car_bet","1 - Nein",19.89999962,0.706,0.00021491,2.258957614,0.001411006,285.678582317451,85.7035746952352,371.382157012686,0.34264705882353
"214","P82.B22.0",82,34.7,"Car_bet","1 - Nein",29.29999924,0.706,0.00021491,2.258957614,0.001411006,684.601959081915,205.380587724575,889.98254680649,0.34264705882353
"215","P82.B23.0",82,18.1,"Car_bet","1 - Nein",18.70000076,0.706,0.00021491,2.258957614,0.001411006,248.211534545938,74.4634603637816,322.67499490972,0.34264705882353
"216","P82.B24.0",82,36.6,"Car_bet","1 - Nein",23.60000038,0.706,0.00021491,2.258957614,0.001411006,419.953685614117,125.986105684235,545.939791298352,0.34264705882353
"217","P82.B25.0",82,18,"Car_bet","1 - Nein",8.399999619,0.706,0.00021491,2.258957614,0.001411006,40.7092225008629,12.2127667502589,52.9219892511217,0.34264705882353
"218","P82.B26.0",82,25.8,"Car_bet","1 - Nein",10.89999962,0.706,0.00021491,2.258957614,0.001411006,73.3366680636056,22.0010004190817,95.3376684826873,0.34264705882353
"219","P82.B27.0",82,27.6,"Car_bet","1 - Nein",9.399999619,0.706,0.00021491,2.258957614,0.001411006,52.4903600065346,15.7471080019604,68.2374680084949,0.34264705882353
"220","P82.B28.0",82,46.5,"Que_rob","1 - Nein",30.29999924,0.56,2.00333,0.85925,-2.86353,616.678348219337,185.003504465801,801.681852685139,0.304861111111111
"221","P82.B29.0",82,5.3,"Ace_pse","1 - Nein",6.800000191,0.51,1.89756,0.97716,-2.94253,1.94802637380489,0.584407912141466,2.53243428594635,0.2875
"222","P82.B30.0",82,7.1,"Ulm_spe","1 - Nein",5,0.508,1.94295,1.29229,-4.20064,1.29083625088025,0.387250875264075,1.67808712614432,1.205
"223","P82.B31.0",82,29.7,"Que_rob","1 - Nein",24.79999924,0.56,2.00333,0.85925,-2.86353,211.480525113295,63.4441575339886,274.924682647284,0.304861111111111
"224","P82.B32.0",82,6.2,"Ace_pse","1 - Nein",4.5,0.51,1.89756,0.97716,-2.94253,1.75245714522175,0.525737143566524,2.27819428878827,0.2875
"225","P82.B33.0",82,5.3,"Ace_pse","1 - Nein",5.099999905,0.51,1.89756,0.97716,-2.94253,1.47065118320784,0.441195354962351,1.91184653817019,0.2875
"226","P82.B34.0",82,0,"Ace_pse","2 - zu THS",3.299999952,0.51,1.89756,0.97716,-2.94253,0,0,0,0.2875
"227","P82.B35.0",82,45.7,"Que_rob","1 - Nein",29.70000076,0.56,2.00333,0.85925,-2.86353,585.459040825957,175.637712247787,761.096753073743,0.304861111111111
"228","P82.B36.0",82,28.8,"Car_bet","1 - Nein",22.39999962,0.706,0.00021491,2.258957614,0.001411006,373.23470048844,111.970410146532,485.205110634973,0.34264705882353
"229","P82.B37.0",82,25.5,"Car_bet","1 - Nein",14.89999962,0.706,0.00021491,2.258957614,0.001411006,148.592079071091,44.5776237213273,193.169702792418,0.34264705882353
"230","P82.B38.0",82,28.9,"Car_bet","1 - Nein",21.10000038,0.706,0.00021491,2.258957614,0.001411006,326.082330189166,97.8246990567497,423.907029245916,0.34264705882353
"231","P82.B39.0",82,13,"Ulm_spe","1 - Nein",8.800000191,0.508,1.94295,1.29229,-4.20064,8.68017655239903,2.60405296571971,11.2842295181187,1.205
"232","P82.B40.0",82,10.8,"Ulm_spe","1 - Nein",5,0.508,1.94295,1.29229,-4.20064,2.9161471198174,0.874844135945219,3.79099125576261,1.205
"233","P82.B41.0",82,10.7,"Ulm_spe","1 - Nein",2.700000048,0.508,1.94295,1.29229,-4.20064,1.29162099980277,0.387486299940831,1.6791072997436,1.205
"234","P82.B42.0",82,22,"Car_bet","1 - Nein",6.900000095,0.706,0.00021491,2.258957614,0.001411006,26.1052829732311,7.83158489196932,33.9368678652004,0.34264705882353
"235","P82.B43.0",82,6.9,"Til_spe","1 - Nein",3.900000095,0.422,0.044,2.79,0,9.62476095572157,2.88742828671647,12.512189242438,0.508333333333333
"236","P82.B44.1",82,13.7,"Til_spe","1 - Nein",7.300000191,0.422,0.044,2.79,0,57.0291403705536,17.1087421111661,74.1378824817197,0.508333333333333
"237","P82.B44.2",82,9.4,"Til_spe","1 - Nein",5.599999905,0.422,0.044,2.79,0,26.771487916317,8.03144637489509,34.8029342912121,0.508333333333333
"238","P82.B46.0",82,21.4,"Car_bet","1 - Nein",13.60000038,0.706,0.00021491,2.258957614,0.001411006,120.897590542535,36.2692771627606,157.166867705296,0.34264705882353
"239","P82.B47.0",82,16,"Til_spe","1 - Nein",9.300000191,0.422,0.044,2.79,0,112.838950837153,33.8516852511458,146.690636088299,0.508333333333333
"240","P82.B48.0",82,9.6,"Car_bet","1 - Nein",7.599999905,0.706,0.00021491,2.258957614,0.001411006,32.4673624693622,9.74020874080867,42.2075712101709,0.34264705882353
"241","P82.B49.0",82,47.6,"Que_rob","1 - Nein",33.70000076,0.56,2.00333,0.85925,-2.86353,708.087527288663,212.426258186599,920.513785475262,0.304861111111111
"242","P82.B50.0",82,8.8,"Til_spe","1 - Nein",7.400000095,0.422,0.044,2.79,0,58.093034173411,17.4279102520233,75.5209444254343,0.508333333333333
"243","P82.B51.0",82,7.3,"Til_spe","1 - Nein",6.5,0.422,0.044,2.79,0,40.1258993798501,12.037769813955,52.1636691938052,0.508333333333333
"244","P82.B52.0",82,19.7,"Til_spe","1 - Nein",10.39999962,0.422,0.044,2.79,0,155.557084625987,46.6671253877961,202.224210013783,0.508333333333333
"245","P82.B53.1",82,0,"Ace_pse","4 - zu THL",9.899999619,0.51,1.89756,0.97716,-2.94253,0,0,0,0.2875
"246","P82.B53.2",82,10.3,"Ace_pse","1 - Nein",4.900000095,0.51,1.89756,0.97716,-2.94253,4.98993520284895,1.49698056085469,6.48691576370364,0.2875
"247","P82.B54.0",82,0,"Ace_pse","4 - zu THL",10.5,0.51,1.89756,0.97716,-2.94253,0,0,0,0.2875
"248","P82.B55.0",82,10.9,"Ace_pse","1 - Nein",8.5,0.51,1.89756,0.97716,-2.94253,9.51729465117586,2.85518839535276,12.3724830465286,0.2875
"249","P82.B56.0",82,8,"Til_spe","1 - Nein",7.099999905,0.422,0.044,2.79,0,51.541498987781,15.4624496963343,67.0039486841152,0.508333333333333
"250","P82.B57.0",82,12.6,"Til_spe","1 - Nein",8.300000191,0.422,0.044,2.79,0,81.2932560007454,24.3879768002236,105.681232800969,0.508333333333333
"251","P82.B58.0",82,12.6,"Ace_pse","1 - Nein",13.60000038,0.51,1.89756,0.97716,-2.94253,19.8340550982564,5.95021652947692,25.7842716277333,0.2875
"252","P82.B59.0",82,8.9,"Til_spe","1 - Nein",7.5,0.422,0.044,2.79,0,60.339873318374,18.1019619955122,78.4418353138861,0.508333333333333
"253","P82.B60.0",82,7.6,"Ace_pse","1 - Nein",6.599999905,0.51,1.89756,0.97716,-2.94253,3.74943369823073,1.12483010946922,4.87426380769995,0.2875
"254","P82.B61.0",82,11,"Til_spe","1 - Nein",8.899999619,0.422,0.044,2.79,0,98.1814979251568,29.454449377547,127.635947302704,0.508333333333333
"255","P82.B62.0",82,10,"Til_spe","1 - Nein",7.699999809,0.422,0.044,2.79,0,65.2708700896459,19.5812610268938,84.8521311165396,0.508333333333333
"256","P82.B63.0",82,6.4,"Til_spe","1 - Nein",5.099999905,0.422,0.044,2.79,0,20.2769670994282,6.08309012982845,26.3600572292566,0.508333333333333
"257","P82.B64.0",82,6.2,"Ace_pse","1 - Nein",8.199999809,0.51,1.89756,0.97716,-2.94253,3.14989879738952,0.944969639216856,4.09486843660638,0.2875
"258","P82.B65.0",82,13.8,"Til_spe","1 - Nein",9.100000381,0.422,0.044,2.79,0,105.509247106299,31.6527741318897,137.162021238189,0.508333333333333
"259","P82.B66.0",82,7.7,"Til_spe","1 - Nein",6,0.422,0.044,2.79,0,32.1705058174226,9.65115174522679,41.8216575626494,0.508333333333333
"260","P82.B67.0",82,5.4,"Til_spe","1 - Nein",5.400000095,0.422,0.044,2.79,0,23.6055566190473,7.08166698571418,30.6872236047615,0.508333333333333
"261","P82.B68.0",82,34.1,"Car_bet","1 - Nein",27.60000038,0.706,0.00021491,2.258957614,0.001411006,598.13237616512,179.439712849536,777.572089014656,0.34264705882353
"262","P82.B69.0",82,34.3,"Car_bet","1 - Nein",24.60000038,0.706,0.00021491,2.258957614,0.001411006,461.220675048283,138.366202514485,599.586877562768,0.34264705882353
"263","P82.B70.0",82,47.6,"Car_bet","1 - Nein",32.59999847,0.706,0.00021491,2.258957614,0.001411006,871.305105605699,261.39153168171,1132.69663728741,0.34264705882353
"264","P82.B71.0",82,8.4,"Ace_pla","1 - Nein",8.199999809,0.525,1.89756,0.97716,-2.94253,5.76966178398813,1.73089853519644,7.50056031918457,0.491666666666667
"265","P82.B72.0",82,5.2,"Ace_pse","1 - Nein",5.699999809,0.51,1.89756,0.97716,-2.94253,1.58129703529358,0.474389110588074,2.05568614588165,0.2875
"266","P82.B73.0",82,0,"Fra_exc","4 - zu THL",35.40000153,0.56,1.95277,0.77206,-2.48079,0,0,0,0.0562499999999999
"267","P82.B74.0",82,37.5,"Fra_exc","1 - Nein",25.79999924,0.56,1.95277,0.77206,-2.48079,320.973084804022,96.2919254412065,417.265010245228,0.0562499999999999
"268","P82.B75.0",82,42.7,"Car_bet","1 - Nein",33.79999924,0.706,0.00021491,2.258957614,0.001411006,945.41773638256,283.625320914768,1229.04305729733,0.34264705882353
"269","P82.B76.0",82,19.9,"Car_bet","1 - Nein",17.39999962,0.706,0.00021491,2.258957614,0.001411006,210.932080434742,63.2796241304227,274.211704565165,0.34264705882353
"270","P82.B77.0",82,33,"Car_bet","1 - Nein",23.5,0.706,0.00021491,2.258957614,0.001411006,415.935397375505,124.780619212652,540.716016588157,0.34264705882353
"271","P82.B78.0",82,31,"Car_bet","1 - Nein",21.89999962,0.706,0.00021491,2.258957614,0.001411006,354.684558899526,106.405367669858,461.089926569383,0.34264705882353
"272","P82.B79.0",82,20.1,"Car_bet","1 - Nein",13.39999962,0.706,0.00021491,2.258957614,0.001411006,116.916918166803,35.0750754500408,151.991993616843,0.34264705882353
"273","P82.B80.0",82,11.9,"Ace_pla","1 - Nein",11,0.525,1.89756,0.97716,-2.94253,14.8886317303898,4.46658951911694,19.3552212495068,0.491666666666667
"274","P82.B81.0",82,0,"Fra_exc","4 - zu THL",32,0.56,1.95277,0.77206,-2.48079,0,0,0,0.0562499999999999
"275","P82.B82.0",82,27.7,"Car_bet","1 - Nein",20,0.706,0.00021491,2.258957614,0.001411006,288.932881768221,86.6798645304662,375.612746298687,0.34264705882353
"276","P82.B83.0",82,15.9,"Car_bet","1 - Nein",10.10000038,0.706,0.00021491,2.258957614,0.001411006,61.7295334341942,18.5188600302582,80.2483934644524,0.34264705882353
"277","P82.B84.0",82,17.4,"Car_bet","1 - Nein",10.89999962,0.706,0.00021491,2.258957614,0.001411006,73.3304600862731,21.9991380258819,95.329598112155,0.34264705882353
"278","P82.B85.0",82,26.8,"Car_bet","1 - Nein",17.5,0.706,0.00021491,2.258957614,0.001411006,213.694102203027,64.1082306609081,277.802332863935,0.34264705882353
"279","P82.B86.0",82,9.7,"Ace_pla","1 - Nein",9.800000191,0.525,1.89756,0.97716,-2.94253,9.02355504578874,2.70706651373662,11.7306215595254,0.491666666666667
"280","P82.B87.0",82,41.8,"Que_rob","1 - Nein",28.70000076,0.56,2.00333,0.85925,-2.86353,475.452042464182,142.635612739255,618.087655203437,0.304861111111111
"281","P82.B88.0",82,7,"Ace_pla","1 - Nein",7.5,0.525,1.89756,0.97716,-2.94253,3.74137913948312,1.12241374184494,4.86379288132806,0.491666666666667
"282","P82.B89.0",82,8.6,"Ace_pla","1 - Nein",12.30000019,0.525,1.89756,0.97716,-2.94253,8.9662570619106,2.68987711857318,11.6561341804838,0.491666666666667
"283","P82.B90.0",82,9.3,"Ace_pla","1 - Nein",11.89999962,0.525,1.89756,0.97716,-2.94253,10.0709068405279,3.02127205215838,13.0921788926863,0.491666666666667
"284","P82.B91.0",82,0,"Que_rob","4 - zu THL",19.20000076,0.56,2.00333,0.85925,-2.86353,0,0,0,0.304861111111111
"285","P82.B92.0",82,10.2,"Ace_pla","1 - Nein",11.30000019,0.525,1.89756,0.97716,-2.94253,11.4087509684824,3.42262529054472,14.8313762590271,0.491666666666667
"286","P82.B93.0",82,38.3,"Que_rob","1 - Nein",22,0.56,2.00333,0.85925,-2.86353,317.553493956989,95.2660481870966,412.819542144085,0.304861111111111
"287","P82.B94.0",82,32.9,"Que_rob","1 - Nein",24.5,0.56,2.00333,0.85925,-2.86353,256.894983331894,77.0684949995683,333.963478331463,0.304861111111111
"288","P82.B95.0",82,11,"Ace_pse","1 - Nein",6.699999809,0.51,1.89756,0.97716,-2.94253,7.67460156635436,2.30238046990631,9.97698203626066,0.2875
"289","P82.B96.0",82,36.9,"Que_rob","1 - Nein",29.70000076,0.56,2.00333,0.85925,-2.86353,381.423569325695,114.427070797709,495.850640123404,0.304861111111111
"290","P82.B97.0",82,63.7,"Que_rob","1 - Nein",31.39999962,0.56,2.00333,0.85925,-2.86353,1194.52172222868,358.356516668605,1552.87823889729,0.304861111111111
"291","P82.B98.0",82,22.8,"Car_bet","1 - Nein",13.89999962,0.706,0.00021491,2.258957614,0.001411006,127.007434639349,38.1022303918048,165.109665031154,0.34264705882353
"292","P82.B99.0",82,15.4,"Ace_pla","1 - Nein",11.39999962,0.525,1.89756,0.97716,-2.94253,25.1471961262465,7.54415883787394,32.6913549641204,0.491666666666667
"293","P82.B100.0",82,15.1,"Ulm_spe","1 - Nein",10.39999962,0.508,1.94295,1.29229,-4.20064,14.4092723828485,4.32278171485455,18.7320540977031,1.205
"294","P82.B101.0",82,15.9,"Ace_pla","1 - Nein",15.60000038,0.525,1.89756,0.97716,-2.94253,36.301902799326,10.8905708397978,47.1924736391237,0.491666666666667
"295","P82.B102.0",82,37.3,"Que_rob","1 - Nein",27.39999962,0.56,2.00333,0.85925,-2.86353,363.671465906801,109.10143977204,472.772905678841,0.304861111111111
"296","P82.B103.0",82,33.9,"Car_bet","1 - Nein",21,0.706,0.00021491,2.258957614,0.001411006,322.612766615921,96.7838299847763,419.396596600697,0.34264705882353
"297","P82.B104.0",82,68,"Fra_exc","1 - Nein",32.90000153,0.56,1.95277,0.77206,-2.48079,1238.01865026937,371.405595080812,1609.42424535018,0.0562499999999999
"298","P82.B105.0",82,21.8,"Car_bet","1 - Nein",13.19999981,0.706,0.00021491,2.258957614,0.001411006,113.01393548309,33.904180644927,146.918116128017,0.34264705882353
"299","P82.B106.0",82,10.5,"Til_spe","1 - Nein",6.199999809,0.422,0.044,2.79,0,35.7367796577305,10.7210338973191,46.4578135550496,0.508333333333333
"300","P82.B107.0",82,33.9,"Car_bet","1 - Nein",24.10000038,0.706,0.00021491,2.258957614,0.001411006,440.313643638352,132.094093091505,572.407736729857,0.34264705882353
"301","P82.B108.0",82,8.3,"Ace_pse","1 - Nein",9.100000381,0.51,1.89756,0.97716,-2.94253,6.06577395284354,1.81973218585306,7.88550613869661,0.2875
"302","P82.B109.0",82,6.2,"Ace_pse","1 - Nein",8.300000191,0.51,1.89756,0.97716,-2.94253,3.18742977354716,0.956228932064148,4.14365870561131,0.2875
"303","P82.B110.0",82,13.8,"Ace_pse","1 - Nein",8.800000191,0.51,1.89756,0.97716,-2.94253,15.4043418743923,4.62130256231768,20.0256444367099,0.2875
"304","P82.B111.0",82,24.8,"Ulm_spe","1 - Nein",4.900000095,0.508,1.94295,1.29229,-4.20064,14.2866430528859,4.28599291586577,18.5726359687517,1.205
"305","P82.B112.0",82,18.6,"Car_bet","1 - Nein",12.69999981,0.706,0.00021491,2.258957614,0.001411006,103.570002629278,31.0710007887834,134.641003418061,0.34264705882353
"306","P82.B113.0",82,38.8,"Car_bet","1 - Nein",26.29999924,0.706,0.00021491,2.258957614,0.001411006,536.385004777407,160.915501433222,697.300506210629,0.34264705882353
"307","P82.B114.0",82,49.9,"Car_bet","1 - Nein",29.79999924,0.706,0.00021491,2.258957614,0.001411006,711.331955732089,213.399586719627,924.731542451715,0.34264705882353
"308","P82.B115.0",82,9.7,"Ulm_spe","1 - Nein",6,0.508,1.94295,1.29229,-4.20064,2.99565653548674,0.898696960646023,3.89435349613276,1.205
"309","P82.B116.0",82,16.2,"Ulm_spe","1 - Nein",9,0.508,1.94295,1.29229,-4.20064,13.7035171542236,4.11105514626709,17.8145723004907,1.205
"310","P82.B117.0",82,34.1,"Car_bet","1 - Nein",20.20000076,0.706,0.00021491,2.258957614,0.001411006,295.514099873957,88.6542299621872,384.168329836145,0.34264705882353
"311","P82.B118.0",82,32.1,"Ace_pla","1 - Nein",20.29999924,0.525,1.89756,0.97716,-2.94253,178.093931525366,53.4281794576098,231.522110982976,0.491666666666667
"312","P82.B119.0",82,10.4,"Ace_pse","1 - Nein",8.100000381,0.51,1.89756,0.97716,-2.94253,8.30539929222461,2.49161978766738,10.797019079892,0.2875
"313","P82.B120.0",82,10.5,"Ulm_spe","1 - Nein",5.099999905,0.508,1.94295,1.29229,-4.20064,2.83238573732875,0.849715721198625,3.68210145852737,1.205
"314","P82.B121.0",82,9.6,"Ulm_spe","1 - Nein",5.400000095,0.508,1.94295,1.29229,-4.20064,2.56221654802667,0.768664964408001,3.33088151243467,1.205
"315","P82.B122.0",82,12.7,"Ulm_spe","1 - Nein",5.900000095,0.508,1.94295,1.29229,-4.20064,4.94819256683305,1.48445777004991,6.43265033688296,1.205
"316","P82.B123.0",82,28.4,"Car_bet","1 - Nein",10.5,0.706,0.00021491,2.258957614,0.001411006,67.3986233924222,20.2195870177267,87.6182104101489,0.34264705882353
"317","P82.B43.1",82,7.2,"Til_spe","5 - BAUM Neu",7.5,0.422,0.044,2.79,0,59.7797182203372,17.9339154661012,77.7136336864383,0.508333333333333
"318","P82.B43.2",82,6.1,"Til_spe","5 - BAUM Neu",6.5,0.422,0.044,2.79,0,39.8100833324073,11.9430249997222,51.7531083321295,0.508333333333333
"319","P82.B48.1",82,7.5,"Car_bet","5 - BAUM Neu",10.6,0.706,0.00021491,2.258957614,0.001411006,68.8376287138914,20.6512886141674,89.4889173280589,0.34264705882353
"320","P82.B124.0",82,5.5,"Car_bet","5 - BAUM Neu",8.4,0.706,0.00021491,2.258957614,0.001411006,40.6988551853956,12.2096565556187,52.9085117410142,0.34264705882353
"321","P82.B125.0",82,6.6,"Til_spe","5 - BAUM Neu",7.9,0.422,0.044,2.79,0,68.841421073248,20.6524263219744,89.4938473952224,0.508333333333333
"322","P82.B126.0",82,5.1,"Ace_pla","5 - BAUM Neu",7.3,0.525,1.89756,0.97716,-2.94253,1.99799339805584,0.599398019416751,2.59739141747259,0.491666666666667
"323","P82.B127.0",82,6.6,"Ace_pse","5 - BAUM Neu",10.6,0.51,1.89756,0.97716,-2.94253,4.55790387546039,1.36737116263812,5.92527503809851,0.2875
"324","P82.B128.0",82,5.4,"Til_spe","5 - BAUM Neu",4.7,0.422,0.044,2.79,0,16.0246538836709,4.80739616510128,20.8320500487722,0.508333333333333
"325","P82.B128.1",82,5.5,"Til_spe","5 - BAUM Neu",5.6,0.422,0.044,2.79,0,26.1475415977176,7.84426247931528,33.9918040770329,0.508333333333333
"326","P82.B129.0",82,6.4,"Til_spe","5 - BAUM Neu",6.5,0.422,0.044,2.79,0,39.8942672611336,11.9682801783401,51.8625474394737,0.508333333333333
"327","P82.B130.0",82,5.5,"Til_spe","5 - BAUM Neu",5.5,0.422,0.044,2.79,0,24.8655557890107,7.4596667367032,32.3252225257139,0.508333333333333
"328","P82.B131.0",82,5.3,"Ulm_spe","5 - BAUM Neu",6.2,0.508,1.94295,1.29229,-4.20064,0.965780550421888,0.289734165126567,1.25551471554845,1.205
"329","P82.B132.0",82,5.1,"Car_bet","5 - BAUM Neu",8.3,0.706,0.00021491,2.258957614,0.001411006,39.6119178444456,11.8835753533337,51.4954931977793,0.34264705882353
